"","StationID","New_Lat","New_Long","NAME"
"1","000CAT148",39.0752298,-119.89944,NA
"2","000CAT228",39.0730718,-119.92005,NA
"3","102PS0139",41.9959481,-122.9597,"Siskiyou"
"4","103CDCHHR",41.7888953,-124.07784,"Del Norte"
"5","103FC1106",41.93406515,-124.1081494,"Del Norte"
"6","103FCA168",41.6496191,-124.09118,"Del Norte"
"7","103KLCMSR",41.8554564,-123.85215,"Del Norte"
"8","103PS0217",41.68690641,-124.0834599,"Del Norte"
"9","103RDCBCC",41.9548095,-124.0625,"Del Norte"
"10","103WER026",41.8499865,-124.03322,"Del Norte"
"11","103WER029",41.809766,-124.11209,"Del Norte"
"12","103WER030",41.8564882,-123.91194,"Del Norte"
"13","105BVCAGC",41.6120215,-123.29225,"Siskiyou"
"14","105CE0329",41.3081753,-123.03392,"Siskiyou"
"15","105CLCATC",41.7344726,-123.54826,"Siskiyou"
"16","105CR0901",41.3180889,-123.52799,"Humboldt"
"17","105CR0913",41.8428251,-122.89869,"Siskiyou"
"18","105DLCDCC",41.5728015,-123.54469,"Siskiyou"
"19","105FC1116",41.91258293,-120.9212504,"Modoc"
"20","105FC1120",41.55364143,-121.9246852,"Siskiyou"
"21","105FC1297",41.32860037,-123.4199184,"Siskiyou"
"22","105FCA116",41.3178155,-123.04812,"Siskiyou"
"23","105FS0416",41.614111,-123.28187,"Siskiyou"
"24","105FS0425",41.3582685,-123.07451,"Siskiyou"
"25","105FS0428",41.4410528,-123.35829,"Siskiyou"
"26","105NWC151",41.91713452,-120.8810529,"Modoc"
"27","105PS0028",41.7509508,-122.00312,"Siskiyou"
"28","105PS0043",41.7293919,-123.23671,"Siskiyou"
"29","105PS0067",41.139249,-123.13937,"Siskiyou"
"30","105PS0069",41.2982463,-123.94255,"Humboldt"
"31","105PS0083",41.364694,-123.18717,"Siskiyou"
"32","105PS0090",41.0800405,-123.02912,"Siskiyou"
"33","105PS0092",41.5768499,-121.9255,"Siskiyou"
"34","105PS0097",41.7415719,-123.35549,"Siskiyou"
"35","105PS0107",41.7137526,-123.01732,"Siskiyou"
"36","105PS0129",41.9237684,-123.46483,"Siskiyou"
"37","105PS0149",41.240996,-123.65543,"Humboldt"
"38","105PS0154",41.0981249,-123.0734,"Siskiyou"
"39","105PS0188",41.7185053,-122.34972,"Siskiyou"
"40","105PS0193",41.8294124,-123.38486,"Siskiyou"
"41","105PS0195",41.1888599,-123.07484,"Siskiyou"
"42","105PS0211",41.42695936,-122.9216991,"Siskiyou"
"43","105PS0231",41.60811142,-122.456988,"Siskiyou"
"44","105PS0259",41.1406891,-123.1727316,"Siskiyou"
"45","105PS0267",41.88067552,-123.1299006,"Siskiyou"
"46","105PS0276",41.9900047,-120.81078,"Modoc"
"47","105PS0468",41.8941492,-121.02359,"Modoc"
"48","105PS0540",41.6200195,-122.06924,"Siskiyou"
"49","105PS0660",41.9156453,-120.88859,"Modoc"
"50","105PS1148",41.8659071,-122.4641,"Siskiyou"
"51","105PS1404",41.92436523,-122.3888787,"Siskiyou"
"52","105PS1492",41.86225988,-120.9951605,"Modoc"
"53","105TMCACC",41.7369287,-123.54872,"Siskiyou"
"54","105WE0598",41.2443927,-123.32933,"Siskiyou"
"55","105WLC135",41.89911096,-121.0443755,"Modoc"
"56","105WLCABC",41.4422517,-123.35041,"Siskiyou"
"57","106FC1183",40.63704093,-122.7464956,"Trinity"
"58","106FC1313",40.87031945,-122.800388,"Trinity"
"59","106FCA036",40.8012662,-122.92964,"Trinity"
"60","106FS0040",40.1691243,-123.02515,"Trinity"
"61","106HLCACC",41.0170233,-123.59492,"Humboldt"
"62","106MNCAHC",40.6380533,-123.322,"Trinity"
"63","106PS0022",40.6725933,-123.52155,"Trinity"
"64","106PS0051",41.2473451,-122.6416,"Trinity"
"65","106PS0078",40.5543134,-123.13761,"Trinity"
"66","106PS0106",40.8118785,-123.11906,"Trinity"
"67","106PS0115",41.1729013,-122.86959,"Trinity"
"68","106PS0122",41.1122723,-122.86482,"Trinity"
"69","106PS0124",40.1705465,-123.02867,"Trinity"
"70","106PS0142",40.458489,-123.16704,"Trinity"
"71","106PS0166",41.0441162,-123.6117,"Humboldt"
"72","106PS0173",40.3778176,-123.29927,"Trinity"
"73","106PS0186",40.3062027,-123.12127,"Trinity"
"74","106PTCAHC",40.4951813,-123.03531,"Trinity"
"75","106WE0505",40.8623465,-122.90302,"Trinity"
"76","106WE1079",41.1348577,-122.80509,"Trinity"
"77","106WER011",40.9358845,-123.15486,"Trinity"
"78","106WER016",40.4896507,-123.02946,"Trinity"
"79","107GWCAPC",41.3679359,-124.02424,"Humboldt"
"80","107LLM101",41.3269745,-124.02387,"Humboldt"
"81","107PS0021",41.3241209,-124.00796,"Humboldt"
"82","107RWCBHW",41.1966306,-123.99642,"Humboldt"
"83","107WER092",41.3999561,-124.0579,"Humboldt"
"84","108PS0197",41.1758895,-124.08516,"Humboldt"
"85","109PS0162",40.9052103,-124.04158,"Humboldt"
"86","110ECSLSF",40.6732014,-124.09629,"Humboldt"
"87","110FCA102",40.7252711,-124.11628,"Humboldt"
"88","110PS0114",40.68793,-124.05051,"Humboldt"
"89","110SMCATH",40.6386718,-124.10349,"Humboldt"
"90","111BBRBCC",39.6995084,-122.92445,"Mendocino"
"91","111BGCAER",40.0223251,-123.06148,"Trinity"
"92","111CBCAER",39.5290482,-122.84833,"Lake"
"93","111CE0569",40.3467571,-123.99247,"Humboldt"
"94","111ERATRC",39.5522234,-122.86134,"Lake"
"95","111FC1098",39.7573889,-123.7248396,"Mendocino"
"96","111FCA207",40.1071607,-123.79689,"Humboldt"
"97","111FS0001",39.3270926,-122.83111,"Lake"
"98","111FS0007",39.4712271,-122.83378,"Lake"
"99","111FS0008",39.3192973,-122.8454,"Lake"
"100","111HSCAER",39.5250339,-122.85276,"Lake"
"101","111PAL105",40.3497286,-123.96396,"Humboldt"
"102","111PS0008",39.5216399,-123.3977,"Mendocino"
"103","111PS0013",40.4064142,-123.84924,"Humboldt"
"104","111PS0057",40.4695442,-123.92922,"Humboldt"
"105","111PS0095",39.7889376,-123.73564,"Mendocino"
"106","111PS0110",39.3514196,-122.87621,"Lake"
"107","111PS0121",40.2256824,-123.84553,"Humboldt"
"108","111PS0144",39.9001796,-123.01714,"Mendocino"
"109","111PS0159",39.7998206,-123.65584,"Mendocino"
"110","111PS0160",39.44612,-123.02926,"Lake"
"111","111PS0169",40.5829325,-123.98764,"Humboldt"
"112","111PS0178",40.6800425,-123.95064,"Humboldt"
"113","111PS0204",39.2769337,-122.86581,"Lake"
"114","111PS0237",40.33346505,-123.4650096,"Trinity"
"115","111RSCAER",39.9877222,-123.05062,"Trinity"
"116","111TGCAER",39.3956853,-122.86374,"Lake"
"117","111WE0816",39.5874056,-122.91817,"Mendocino"
"118","111WE1050",39.7114702,-122.84193,"Glenn"
"119","111WE1071",39.7005337,-122.81255,"Glenn"
"120","111WER003",39.5381653,-122.8613,"Lake"
"121","111WER008",39.4936568,-122.86392,"Lake"
"122","111WER159",39.4293679,-122.84518,"Lake"
"123","112PS0157",40.2318936,-124.11228,"Humboldt"
"124","113GAR010",38.8373627,-123.54676,"Mendocino"
"125","113GAR011",38.891405,-123.4558,"Mendocino"
"126","113GAR015",38.8931351,-123.50899,"Mendocino"
"127","113GAR030",38.8701823,-123.56664,"Mendocino"
"128","113GAR038",38.8391981,-123.53473,"Mendocino"
"129","113GAR046",38.8557845,-123.56358,"Mendocino"
"130","113GAR061",38.8839311,-123.59204,"Mendocino"
"131","113GAR062",38.8596418,-123.54839,"Mendocino"
"132","113GAR084",38.9265675,-123.62855,"Mendocino"
"133","113GAR087",38.9081323,-123.48967,"Mendocino"
"134","113GAR089",38.9081704,-123.35105,"Mendocino"
"135","113GAR094",38.8628504,-123.56834,"Mendocino"
"136","113GAR105",38.8995896,-123.39059,"Mendocino"
"137","113GAR110",38.8552976,-123.56028,"Mendocino"
"138","113GAR112",38.9248844,-123.49051,"Mendocino"
"139","113GAR118",38.8426575,-123.54952,"Mendocino"
"140","113GAR178",38.8749038,-123.49378,"Mendocino"
"141","113GAR244",38.9315862,-123.59243,"Mendocino"
"142","113PS0012",39.2577361,-123.50874,"Mendocino"
"143","113PS0076",38.9363703,-123.50043,"Mendocino"
"144","113PS0084",39.4060874,-123.71299,"Mendocino"
"145","113PS0100",39.3182046,-123.63071,"Mendocino"
"146","113PS0120",39.1507359,-123.63595,"Mendocino"
"147","113PS0132",39.5566601,-123.72353,"Mendocino"
"148","113PS0168",38.7536289,-123.40457,"Sonoma"
"149","113PS0196",39.5439544,-123.6553,"Mendocino"
"150","113PS0216",38.51536858,-123.2422148,"Sonoma"
"151","113PS0232",38.66792741,-123.3099517,"Sonoma"
"152","113PS0268",39.15614643,-123.4592251,"Mendocino"
"153","113RG8046",38.4757678,-123.15212,"Sonoma"
"154","114AU7778",38.5872353,-123.11801,"Sonoma"
"155","114CE0131",38.7908601,-123.19624,"Sonoma"
"156","114CR0903",38.81626966,-123.0111917,"Sonoma"
"157","114FCA199",38.8296335,-122.90837,"Sonoma"
"158","114MA2364",38.6305657,-122.76807,"Sonoma"
"159","114PS0088",38.5572989,-123.09358,"Sonoma"
"160","114PS0145",38.8936121,-123.07017,"Mendocino"
"161","114PS0149",38.4340999,-122.67607,"Sonoma"
"162","114PS0152",38.4634283,-123.00882,"Sonoma"
"163","114PS0209",38.78600112,-123.155201,"Sonoma"
"164","114PS0229",38.61538062,-122.7839078,"Sonoma"
"165","114WE0614",38.5391692,-123.07191,"Sonoma"
"166","114WER118",38.5920087,-123.07044,"Sonoma"
"167","115EBAG01",38.3461333,-122.91535,"Sonoma"
"168","115SALG01",38.3434928,-122.95896,"Sonoma"
"169","201AHO350",37.9447607,-122.74297,"Marin"
"170","201CHE300",38.0394499,-122.7418,"Marin"
"171","201LAG190",38.0295397,-122.73625,"Marin"
"172","201LAG335",37.9917933,-122.66195,"Marin"
"173","201LAG380",37.9674509,-122.65414,"Marin"
"174","201MRS020",37.9196808,-122.66952,"Marin"
"175","201RDW080",37.8769478,-122.5811,"Marin"
"176","202BUT030",37.224863,-122.33258,"San Mateo"
"177","202BUT040",37.2413177,-122.31696,"San Mateo"
"178","202BUT050",37.2092356,-122.33267,"San Mateo"
"179","202BUT480",37.213486,-122.31451,"San Mateo"
"180","202BUT600",37.2152307,-122.30854,"San Mateo"
"181","202BUT850",37.2266,-122.2412,"San Mateo"
"182","202DRY010",37.3592,-122.3912,"San Mateo"
"183","202LAH950",37.3887289,-122.28286,"San Mateo"
"184","202MIC150",37.452,-122.392,"San Mateo"
"185","202PES162",37.2691585,-122.26407,"San Mateo"
"186","202PES168",37.2617,-122.2408,"San Mateo"
"187","202PS0246",37.46254652,-122.374612,"San Mateo"
"188","202R00024",37.3247,-122.2467,"San Mateo"
"189","202R00072",37.5148391,-122.38632,"San Mateo"
"190","202R00087",37.6447,-122.4801,"San Mateo"
"191","202R00248",37.3203,-122.3398,"San Mateo"
"192","202R00280",37.2935,-122.2189,"San Mateo"
"193","202R00284",37.5052,-122.4872,"San Mateo"
"194","202R00908",37.6113,-122.4934,"San Mateo"
"195","202SPE090",37.5750082,-122.46419,"San Mateo"
"196","202TUN600",37.391,-122.368,"San Mateo"
"197","203PS0070",37.990506,-122.59329,"Marin"
"198","203R00983",37.8751,-122.2366,"Alameda"
"199","204AHOACR",37.4615831,-121.76902,"Santa Clara"
"200","204ALA525",37.4961869,-121.76068,"Alameda"
"201","204ALP040",37.696382,-121.81633,"Alameda"
"202","204ARH090",37.451,-121.755,"Santa Clara"
"203","204IND200",37.5620443,-121.79842,"Alameda"
"204","204PS0038",37.7269685,-122.17257,"Alameda"
"205","204PS0094",37.6893169,-121.87579,"Alameda"
"206","204PS0102",37.69796,-122.02884,"Alameda"
"207","204PS0118",37.529357,-122.35871,"San Mateo"
"208","204R00047",37.6883,-122.0726,"Alameda"
"209","204R00063",37.7966,-122.1997,"Alameda"
"210","204R00068",37.6991,-121.8089,"Alameda"
"211","204R00084",37.7009,-121.9255,"Alameda"
"212","204R00100",37.6826,-121.8961,"Alameda"
"213","204R00180",37.5731,-122.3693,"San Mateo"
"214","204R00189",37.3209,-121.6635,"Santa Clara"
"215","204R00191",37.6658,-121.8784,"Alameda"
"216","204R00200",37.5233,-122.3409,"San Mateo"
"217","204R00232",37.4635,-122.2515,"San Mateo"
"218","204R00244",37.4715,-122.2453,"San Mateo"
"219","204R00303",37.6842,-122.0819,"Alameda"
"220","204R00319",37.7994,-122.2182,"Alameda"
"221","204R00327",37.6201,-122.1007,"Alameda"
"222","204R00334",37.6466,-121.7881,"Alameda"
"223","204R00340",37.7022,-121.9207,"Alameda"
"224","204R00356",37.6687,-121.9093,"Alameda"
"225","204R00367",37.6596,-122.0417,"Alameda"
"226","204R00383",37.6591,-122.1368,"Alameda"
"227","204R00391",37.5868,-122.0236,"Alameda"
"228","204R00436",37.5817,-122.3707,"San Mateo"
"229","204R00447",37.6583,-121.861,"Alameda"
"230","204R00455",37.6468,-122.0393,"Alameda"
"231","204R00473",37.6705,-121.7611,"Alameda"
"232","204R00520",37.5122,-122.2912,"San Mateo"
"233","204R00583",37.6191,-122.0593,"Alameda"
"234","204R00590",37.6421,-121.7818,"Alameda"
"235","204R00596",37.7006,-121.9033,"Alameda"
"236","204R00623",37.6946,-122.0448,"Alameda"
"237","204R00639",37.6814,-122.1443,"Alameda"
"238","204R00647",37.6097,-122.0175,"Alameda"
"239","204R00680",37.438,-122.2413,"San Mateo"
"240","204R00724",37.6961,-121.9454,"Alameda"
"241","204R00751",37.8041,-122.1613,"Alameda"
"242","204R00807",37.6523,-122.422,"San Mateo"
"243","204R00852",37.7197,-121.9134,"Alameda"
"244","204R00884",37.5778,-122.3851,"San Mateo"
"245","204R01316",37.6846,-121.9154,"Alameda"
"246","204R01471",37.6922,-121.8689,"Alameda"
"247","204SIN300",37.6405005,-121.92468,"Alameda"
"248","204VAL400",37.471,-121.667,"Santa Clara"
"249","205AAG075",37.3904,-121.7835,"Santa Clara"
"250","205AAG375",37.36,-121.737,"Santa Clara"
"251","205AAG400",37.371877,-121.73258,"Santa Clara"
"252","205COY140",37.3991061,-121.79693,"Santa Clara"
"253","205COY585",37.09,-121.4699,"Santa Clara"
"254","205COY610",37.1177117,-121.48092,"Santa Clara"
"255","205COY615",37.121,-121.48,"Santa Clara"
"256","205COY850",37.1824044,-121.50666,"Santa Clara"
"257","205COY853",37.178,-121.497,"Santa Clara"
"258","205COY900",37.1753765,-121.47731,"Santa Clara"
"259","205COY930",37.1898,-121.4689,"Santa Clara"
"260","205CYCAHH",37.1014602,-121.47223,"Santa Clara"
"261","205CYCBBC",37.1262177,-121.48118,"Santa Clara"
"262","205GCAxxx",37.1815326,-121.87305,"Santa Clara"
"263","205LGA700",37.1195171,-121.90274,"Santa Clara"
"264","205PS0045",37.2939459,-121.933,"Santa Clara"
"265","205PS0074",37.4542875,-122.1336,"Santa Clara"
"266","205PS0106",37.3843238,-121.9077,"Santa Clara"
"267","205PS0109",37.2933977,-121.88042,"Santa Clara"
"268","205PS0138",37.4105192,-122.1385,"Santa Clara"
"269","205PS0157",37.3014053,-121.83516,"Santa Clara"
"270","205PS0170",37.3619837,-121.87388,"Santa Clara"
"271","205PS0173",37.2389732,-121.88488,"Santa Clara"
"272","205PS0202",37.3455956,-122.0888769,"Santa Clara"
"273","205PS0221",37.26711533,-121.7960653,"Santa Clara"
"274","205PS0234",37.39338731,-121.8142016,"Santa Clara"
"275","205R00021",37.2549286,-121.57799,"Santa Clara"
"276","205R00035",37.3815,-121.8567,"Santa Clara"
"277","205R00042",37.2458,-121.7702,"Santa Clara"
"278","205R00058",37.2517,-122.0841,"Santa Clara"
"279","205R00067",37.3769,-121.9686,"Santa Clara"
"280","205R00088",37.372,-122.2196,"San Mateo"
"281","205R00090",37.2881,-121.8792,"Santa Clara"
"282","205R00099",37.3077,-122.0217,"Santa Clara"
"283","205R00110",37.5027,-121.9123,"Alameda"
"284","205R00115",37.4059,-122.0691,"Santa Clara"
"285","205R00131",37.434,-121.9128,"Santa Clara"
"286","205R00154",37.234,-121.8376,"Santa Clara"
"287","205R00168",37.3968,-122.2323,"San Mateo"
"288","205R00170",37.2482,-122.0721,"Santa Clara"
"289","205R00174",37.5282,-121.9477,"Alameda"
"290","205R00182",37.1875,-121.8401,"Santa Clara"
"291","205R00218",37.29,-121.818,"Santa Clara"
"292","205R00227",37.4099,-122.1383,"Santa Clara"
"293","205R00234",37.2662,-121.9908,"Santa Clara"
"294","205R00241",37.2764,-121.765,"Santa Clara"
"295","205R00259",37.3672,-121.9248,"Santa Clara"
"296","205R00282",37.2376,-121.8884,"Santa Clara"
"297","205R00291",37.3172,-121.8486,"Santa Clara"
"298","205R00346",37.2597,-121.8701,"Santa Clara"
"299","205R00374",37.1942,-121.8232,"Santa Clara"
"300","205R00387",37.4456,-121.9109,"Santa Clara"
"301","205R00419",37.3205,-122.0609,"Santa Clara"
"302","205R00430",37.4826,-121.9373,"Alameda"
"303","205R00451",37.386,-121.9096,"Santa Clara"
"304","205R00474",37.2788,-121.8078,"Santa Clara"
"305","205R00538",37.2179,-121.914,"Santa Clara"
"306","205R00547",37.3484,-121.9895,"Santa Clara"
"307","205R00554",37.2467,-121.9952,"Santa Clara"
"308","205R00586",37.1655,-121.9792,"Santa Clara"
"309","205R00602",37.2297,-121.8659,"Santa Clara"
"310","205R00627",37.3963,-121.9869,"Santa Clara"
"311","205R00666",37.2692,-121.7967,"Santa Clara"
"312","205R00686",37.5124,-121.9439,"Alameda"
"313","205R00707",37.3906,-121.8433,"Santa Clara"
"314","205R00714",37.2342,-121.9733,"Santa Clara"
"315","205R00739",37.4297,-122.1282,"Santa Clara"
"316","205R00771",37.3406,-121.9021,"Santa Clara"
"317","205R00787",37.4014,-121.795,"Santa Clara"
"318","205R00872",37.4213,-122.2459,"San Mateo"
"319","205R00878",37.5546,-121.987,"Alameda"
"320","205R00984",37.4254,-122.2635,"San Mateo"
"321","205R01134",37.5005,-121.9156,"Alameda"
"322","205R01198",37.5088,-121.9666,"Alameda"
"323","205R01390",37.5308,-121.9702,"Alameda"
"324","205SAR057",37.2776929,-122.01151,"Santa Clara"
"325","205SAR060",37.2722047,-122.01633,"Santa Clara"
"326","205SAR070",37.2614607,-122.02952,"Santa Clara"
"327","205SAR080",37.2541447,-122.0421,"Santa Clara"
"328","205SFC880",37.3066832,-121.68885,"Santa Clara"
"329","205STE110",37.2864413,-122.12528,"Santa Clara"
"330","205WUN450",37.4489718,-122.29447,"San Mateo"
"331","205WUN550",37.4521,-122.2985,"San Mateo"
"332","206BRC020",37.9281785,-122.14996,"Contra Costa"
"333","206FC1339",38.5973119,-122.5983847,"Napa"
"334","206FCA155",38.0694568,-122.53237,"Marin"
"335","206HCT020",38.471318,-122.48866,"Napa"
"336","206NAP700",38.6272947,-122.61301,"Napa"
"337","206PIN610",37.9704433,-122.2411,"Contra Costa"
"338","206PIN825",37.962453,-122.20134,"Contra Costa"
"339","206PS0054",37.9656965,-122.3133,"Contra Costa"
"340","206PS0073",38.0983137,-122.56697,"Marin"
"341","206PS0165",38.5736,-122.56931,"Napa"
"342","206PS0230",37.95974703,-122.2786716,"Contra Costa"
"343","206R00407",37.944068,-121.92226,"Contra Costa"
"344","206R00551",37.962813,-122.34641,"Contra Costa"
"345","206R00919",37.955958,-122.26969,"Contra Costa"
"346","206RCCBDC",38.3547434,-122.42662,"Napa"
"347","206RIC100",38.5514306,-122.52171,"Napa"
"348","206SON300",38.4427022,-122.5307,"Sonoma"
"349","206TUL120",38.2846145,-122.21754,"Napa"
"350","207MTD117",37.9185185,-121.94435,"Contra Costa"
"351","207PS0142",37.9500284,-121.97295,"Contra Costa"
"352","207PS0150",37.8604875,-122.03364,"Contra Costa"
"353","207PS0241",38.29350337,-122.0228675,"Solano"
"354","207R00395",37.8927882,-122.10487,"Contra Costa"
"355","207R00631",37.9442386,-122.06558,"Contra Costa"
"356","207R00843",37.867723,-122.09569,"Contra Costa"
"357","207SUI290",38.3718771,-122.14051,"Napa"
"358","207WAL475",37.8306396,-122.07502,"Contra Costa"
"359","304APS",37.0013834,-121.90621,"Santa Cruz"
"360","304BEP",37.1278994,-122.12155,"Santa Cruz"
"361","304BH9",37.1267828,-122.12174,"Santa Cruz"
"362","304PS0006",36.9764261,-121.89395,"Santa Cruz"
"363","304PS0018",37.1185791,-122.04957,"Santa Cruz"
"364","304PS0146",36.9831855,-121.99481,"Santa Cruz"
"365","304PS0194",37.1596564,-122.234,"Santa Cruz"
"366","304PS0253",37.20195637,-122.1467874,"Santa Cruz"
"367","304PS0274",37.04828006,-122.0667958,"Santa Cruz"
"368","304SCM",37.1042967,-122.25171,"Santa Cruz"
"369","304SL9",37.0886046,-122.08778,"Santa Cruz"
"370","304SOU",37.03414,-121.94311,"Santa Cruz"
"371","304SPC236",37.1682838,-122.21376,"Santa Cruz"
"372","304WDCAH1",37.1137324,-122.26962,"Santa Cruz"
"373","304ZAY",37.0493801,-122.06547,"Santa Cruz"
"374","305BRI",36.6145634,-121.21102,"San Benito"
"375","305CLCSBR",36.3616297,-120.75938,"San Benito"
"376","305COR2",36.9890148,-121.80242,"Santa Cruz"
"377","305LGCACR",36.3491015,-120.82104,"San Benito"
"378","305LGCBRC",37.1476993,-121.77339,"Santa Clara"
"379","305PS0034",36.915363,-121.69639,"Santa Cruz"
"380","305PS0061",37.082372,-121.60103,"Santa Clara"
"381","305SSCAUC",37.0847848,-121.79411,"Santa Clara"
"382","305UVCASC",37.0866973,-121.79445,"Santa Clara"
"383","307CE0094",36.428069,-121.75771,"Monterey"
"384","307CMRADC",36.3721962,-121.66301,"Monterey"
"385","307PS0028",36.4081937,-121.68047,"Monterey"
"386","307PS0044",36.5053552,-121.76334,"Monterey"
"387","307SCCARR",36.4307261,-121.79839,"Monterey"
"388","308BGC",36.070003,-121.59998,"Monterey"
"389","308BSU",36.2455985,-121.77339,"Monterey"
"390","308LILPAL",36.3403402,-121.80863,"Monterey"
"391","308LSRASC",36.3258426,-121.78933,"Monterey"
"392","308MWCAH1",36.1625779,-121.66598,"Monterey"
"393","308PS0156",36.3276744,-121.78976,"Monterey"
"394","308PS0204",36.26013902,-121.7941469,"Monterey"
"395","308PWCAH1",35.9355457,-121.46781,"Monterey"
"396","308ROCBBQ",36.3781458,-121.88621,"Monterey"
"397","308SAM",35.8143905,-121.35896,"Monterey"
"398","308SANWIL",36.4905477,-121.86728,"Monterey"
"399","308SBCAH1",36.45627,-121.92522,"Monterey"
"400","309ARCBRC",36.2360842,-121.48341,"Monterey"
"401","309ARSARC",36.1198069,-121.46888,"Monterey"
"402","309CAW126",36.2307198,-121.55156,"Monterey"
"403","309CLCBVC",36.4662684,-121.15444,"San Benito"
"404","309LAS1MI",36.2289511,-121.49513,"Monterey"
"405","309LOR",36.2672139,-121.06957,"Monterey"
"406","309PS0040",36.3490241,-121.2167,"Monterey"
"407","309PS0043",35.7589271,-120.8399,"San Luis Obispo"
"408","309PS0116",36.0640029,-121.32616,"Monterey"
"409","309PSO",35.6278374,-120.68404,"San Luis Obispo"
"410","309SAP",35.2942387,-120.38856,"San Luis Obispo"
"411","309SARANF",36.064477,-121.38526,"Monterey"
"412","309SAT",35.4916639,-120.64564,"San Luis Obispo"
"413","309SDCMCC",36.482772,-121.1551,"San Benito"
"414","309SEC",36.280487,-121.32257,"Monterey"
"415","309SED071",36.218716,-121.51399,"Monterey"
"416","309SET",36.3221175,-121.29494,"Monterey"
"417","309WLCATC",36.2130111,-121.53507,"Monterey"
"418","310COO",35.2549357,-120.88721,"San Luis Obispo"
"419","310LPCBPC",35.2653908,-120.5226,"San Luis Obispo"
"420","310OLD",35.4719089,-120.86074,"San Luis Obispo"
"421","310SSU",35.6088713,-121.07764,"San Luis Obispo"
"422","312DAVDAV",34.7610735,-119.95359,"Santa Barbara"
"423","312MZCDBC",34.7705778,-119.93641,"Santa Barbara"
"424","312PS0099",34.7795763,-119.95796,"Santa Barbara"
"425","312RYCALR",34.6743933,-119.29754,"Ventura"
"426","312SIV",34.8396342,-120.16853,"Santa Barbara"
"427","314WE1102",34.6956168,-119.91043,"Santa Barbara"
"428","315ARH101",34.4817976,-120.14056,"Santa Barbara"
"429","315CHCALS",34.5935018,-120.53067,"Santa Barbara"
"430","402BA0079",34.4114154,-119.27442,"Ventura"
"431","402BA0095",34.4626023,-119.34602,"Ventura"
"432","402BA0143",34.365779,-119.31082,"Ventura"
"433","402BA0287",34.5028367,-119.36579,"Ventura"
"434","402BA0335",34.3798845,-119.30754,"Ventura"
"435","402M00005",34.51364,-119.40097,"Ventura"
"436","402MTCUNF",34.5175101,-119.37918,"Ventura"
"437","402SNPMCR",34.50488408,-119.3775053,"Ventura"
"438","403BA0015",34.5317307,-119.18367,"Ventura"
"439","403BA0047",34.2705938,-119.1531,"Ventura"
"440","403BA0064",34.644256,-118.514219,"Los Angeles"
"441","403BA0068",34.3934669,-118.90237,"Ventura"
"442","403BA0136",34.5114202,-118.45102,"Los Angeles"
"443","403BA0140",34.3464977,-118.56399,"Los Angeles"
"444","403BA0171",34.5857856,-119.28339,"Ventura"
"445","403FCA022",34.3558321,-119.02335,"Ventura"
"446","403LNCASC",34.5390101,-119.16119,"Ventura"
"447","403M01505",34.41709,-118.92546,"Ventura"
"448","403M01506",34.39739,-118.79347,"Ventura"
"449","403M05757",34.54518,-118.43467,"Los Angeles"
"450","403M05758",34.43484,-118.61254,"Los Angeles"
"451","403M05771",34.69939,-118.79476,"Los Angeles"
"452","403PRCAGH",34.6947465,-118.92046,"Ventura"
"453","403S00640",34.6006768,-118.55867,"Los Angeles"
"454","403S00772",34.4146283,-118.92884,"Ventura"
"455","403S00831",34.430471,-118.83183,"Ventura"
"456","403S00875",34.5566544,-119.3063,"Ventura"
"457","403S00960",34.5907602,-118.46176,"Los Angeles"
"458","403S01136",34.6276219,-118.74403,"Los Angeles"
"459","403S01163",34.6985895,-118.8648,"Ventura"
"460","403S01195",34.5583603,-119.26767,"Ventura"
"461","403S01272",34.4030438,-118.69122,"Los Angeles"
"462","403S01536",34.5690899,-118.39213,"Los Angeles"
"463","403S01707",34.598357,-119.34798,"Ventura"
"464","403S01728",34.574901,-118.46002,"Los Angeles"
"465","403S01784",34.4025266,-118.74659,"Ventura"
"466","403S01883",34.7162595,-119.01885,"Ventura"
"467","403S02764",34.4477819,-118.7549,"Ventura"
"468","403S03320",34.4000033,-118.72342,"Ventura"
"469","403S03643",34.5620881,-119.12887,"Ventura"
"470","403S03832",34.4017533,-118.78462,"Ventura"
"471","403S04868",34.4049151,-118.93944,"Ventura"
"472","403S05247",34.3693071,-118.98742,"Ventura"
"473","403S05291",34.5639777,-119.26304,"Ventura"
"474","403S06283",34.6938801,-118.86075,"Ventura"
"475","403S06315",34.5922323,-119.31034,"Ventura"
"476","403S06660",34.4296395,-118.92374,"Ventura"
"477","403S07024",34.6091998,-118.75772,"Los Angeles"
"478","403S07227",34.5620828,-119.16664,"Ventura"
"479","403S11084",34.4248673,-118.56073,"Los Angeles"
"480","403S14156",34.4252649,-118.58262,"Los Angeles"
"481","403S15608",34.4018979,-118.70052,"Ventura"
"482","403S16332",34.5317333,-118.7580909,"Ventura"
"483","403S16493",34.68672206,-118.8453414,"Ventura"
"484","403S16978",34.42314167,-118.7676907,"Ventura"
"485","403S18093",34.69441881,-118.8565009,"Ventura"
"486","403S34646",34.42555553,-118.5661534,"Los Angeles"
"487","403S39062",34.43231469,-118.617167,"Los Angeles"
"488","403STC064",34.5581481,-119.10459,"Ventura"
"489","403STC086",34.5562473,-119.20592,"Ventura"
"490","403WE0501",34.5413991,-118.77434,"Ventura"
"491","403WE0540",34.6509686,-119.12032,"Ventura"
"492","403WE0683",34.4396074,-119.07726,"Ventura"
"493","403WE1027",34.7265549,-119.02943,"Ventura"
"494","404BA0084",34.0904364,-118.94854,"Ventura"
"495","404BA0104",34.0946846,-118.73172,"Los Angeles"
"496","404BA0142",34.0504769,-118.77572,"Los Angeles"
"497","404BA0376",34.1159699,-118.66184,"Los Angeles"
"498","404BA0526",34.0422483,-118.8715,"Los Angeles"
"499","404BA0616",34.1739569,-118.69901,"Ventura"
"500","404BA0808",34.113506,-118.778914,"Los Angeles"
"501","404BA0852",34.0783557,-118.81985,"Los Angeles"
"502","404BA0964",34.0604318,-118.9652,"Ventura"
"503","404BA1128",34.10329,-118.712649,"Los Angeles"
"504","404BA1144",34.0600696,-118.63744,"Los Angeles"
"505","404BA1166",34.0374964,-118.74963,"Los Angeles"
"506","404M07346",33.8024,-118.39639,"Los Angeles"
"507","404M07349",34.07803,-118.70166,"Los Angeles"
"508","404S02920",34.1771192,-118.76634,"Ventura"
"509","404S03048",34.1834952,-118.79048,"Ventura"
"510","404S05992",34.1566207,-118.75836,"Los Angeles"
"511","404S06456",34.0639417,-118.58722,"Los Angeles"
"512","404S08040",34.1439575,-118.75545,"Los Angeles"
"513","404S08616",34.1213372,-118.79107,"Los Angeles"
"514","404S08846",34.0544356,-118.58175,"Los Angeles"
"515","404S11406",34.048696,-118.68987,"Los Angeles"
"516","404S11880",34.1252931,-118.70828,"Los Angeles"
"517","404S13160",34.1577493,-118.75972,"Los Angeles"
"518","404S13416",34.0987507,-118.71595,"Los Angeles"
"519","404S13672",34.0754009,-118.70292,"Los Angeles"
"520","404S14952",34.14268,-118.7009,"Los Angeles"
"521","404S16168",34.0676895,-118.70704,"Los Angeles"
"522","404S16232",34.1254982,-118.75317,"Los Angeles"
"523","404S16516",34.1290766,-118.75588,"Los Angeles"
"524","404S17016",34.11832742,-118.7804456,"Los Angeles"
"525","404S17266",34.1068007,-118.71195,"Los Angeles"
"526","404S17664",34.1496081,-118.69795,"Los Angeles"
"527","404S18250",34.13226976,-118.8204588,"Los Angeles"
"528","404S18666",34.1720681,-118.76375,"Ventura"
"529","404S22464",34.1262046,-118.70699,"Los Angeles"
"530","404S23297",34.05002515,-118.5810426,"Los Angeles"
"531","404S24066",34.1632254,-118.7007054,"Los Angeles"
"532","404S25298",34.0456312,-118.68751,"Los Angeles"
"533","404S25668",34.1214685,-118.70914,"Los Angeles"
"534","404S26670",34.1638541,-118.76204,"Los Angeles"
"535","404S26868",34.0967506,-118.71737,"Los Angeles"
"536","404S27470",34.174452,-118.76389,"Ventura"
"537","404S28068",34.1393617,-118.70366,"Los Angeles"
"538","404S28270",34.1366826,-118.75723,"Los Angeles"
"539","404S31468",34.1687397,-118.7616,"Ventura"
"540","404S32468",34.0998989,-118.72305,"Los Angeles"
"541","404S33670",34.1582601,-118.70014,"Los Angeles"
"542","404S34120",34.1655975,-118.78917,"Los Angeles"
"543","404S34230",34.06908074,-118.5868061,"Los Angeles"
"544","404S35270",34.1332063,-118.70659,"Los Angeles"
"545","404S35418",34.0826182,-118.70858,"Los Angeles"
"546","404S37670",34.14075971,-118.701215,"Los Angeles"
"547","404S44210",34.14301391,-118.757784,"Los Angeles"
"548","404S44642",34.16870016,-118.7030663,"Ventura"
"549","404S45622",34.06150703,-118.5852418,"Los Angeles"
"550","404S45745",34.05905849,-118.9336949,"Los Angeles"
"551","404S48200",34.07765954,-118.9238144,"Los Angeles"
"552","405BH2Axx",34.242887,-117.87308,"Los Angeles"
"553","405BH2Bxx",34.242887,-117.87308,"Los Angeles"
"554","405BH3Axx",34.2297888,-117.77193,"Los Angeles"
"555","405BH3Bxx",34.2297888,-117.77193,"Los Angeles"
"556","405BH3Cxx",34.22951429,-117.7796281,"Los Angeles"
"557","405BRCAMS",34.2737652,-117.89901,"Los Angeles"
"558","405BRCASG",34.2409231,-117.88449,"Los Angeles"
"559","405BRCSGR",34.2515686,-117.88354,"Los Angeles"
"560","405CE0280",34.2299122,-117.75247,"Los Angeles"
"561","405M10598",34.06991,-117.77146,"Los Angeles"
"562","405M10599",33.95045,-118.04896,"Los Angeles"
"563","405PS0030",34.2354539,-117.80636,"Los Angeles"
"564","405PS0036",34.240568,-117.93456,"Los Angeles"
"565","405SGRAAG",34.2655782,-117.74754,"Los Angeles"
"566","405WER318",34.2681885,-117.89294,"Los Angeles"
"567","407M01516",34.25539,-119.25498,"Ventura"
"568","408BA0268",34.3261185,-118.71846,"Ventura"
"569","408BA0580",34.2665131,-119.09295,"Ventura"
"570","408BA0916",34.2326525,-118.95422,"Ventura"
"571","408BH5Axx",34.283752,-118.81071,"Ventura"
"572","408BH5Bxx",34.283752,-118.81071,"Ventura"
"573","408BH5Cxx",34.283752,-118.81071,"Ventura"
"574","408BH6Axx",34.2036517,-119.00135,"Ventura"
"575","408BH6Bxx",34.2036517,-119.00135,"Ventura"
"576","408BH6Cxx",34.2036517,-119.00135,"Ventura"
"577","408M03005",34.27001,-118.74203,"Ventura"
"578","408M03015",34.20947,-118.88115,"Ventura"
"579","408M03019",34.2678337,-118.93799,"Ventura"
"580","408PS0032",34.1678243,-119.058,"Ventura"
"581","412BH1Axx",34.2739747,-118.31534,"Los Angeles"
"582","412BH1Bxx",34.2739747,-118.31534,"Los Angeles"
"583","412BH1Cxx",34.27303,-118.3223,"Los Angeles"
"584","412BH4Axx",34.2069839,-118.16806,"Los Angeles"
"585","412BH4Bxx",34.2069839,-118.16806,"Los Angeles"
"586","412BH4Cxx",34.2069839,-118.16806,"Los Angeles"
"587","412CE0232",34.1585563,-118.45554,"Los Angeles"
"588","412M08597",34.15524,-118.43907,"Los Angeles"
"589","412M08599",34.10602,-118.24338,"Los Angeles"
"590","412M08602",33.97131,-118.16996,"Los Angeles"
"591","412PS0020",34.0675466,-118.09346,"Los Angeles"
"592","412PS0040",34.264256,-118.48851,"Los Angeles"
"593","412PS0052",34.1953164,-118.59146,"Los Angeles"
"594","412WE0552",34.2389496,-118.18159,"Los Angeles"
"595","481S05856",34.19149377,-117.6761402,"Los Angeles"
"596","504DCFRxx",40.1050351,-122.03923,"Tehama"
"597","504FC1115",39.98053642,-121.9723424,"Tehama"
"598","504PS0019",39.7284896,-121.8816,"Butte"
"599","504PS0051",40.0954773,-122.06673,"Tehama"
"600","504PS0147",39.7757209,-122.21781,"Glenn"
"601","504PS0227",39.9892558,-121.96981,"Tehama"
"602","504PS0238",39.9388279,-122.0665,"Tehama"
"603","504PS0243",40.1409122,-122.14074,"Tehama"
"604","504PS0295",39.7477238,-121.80802,"Butte"
"605","504PS0371",39.9711459,-122.08107,"Tehama"
"606","504PS0574",39.8958421,-121.9236015,"Tehama"
"607","504PS0595",39.75120971,-122.1332522,"Glenn"
"608","504WE0527",40.1075195,-122.0311,"Tehama"
"609","505BMCMCR",41.0956669,-122.13599,"Shasta"
"610","505FC1275",41.29989015,-122.1187894,"Siskiyou"
"611","505LBCAMR",41.0920492,-122.11268,"Shasta"
"612","505PS0110",41.0965556,-122.2015,"Shasta"
"613","505PS0156",41.2494854,-121.95089,"Siskiyou"
"614","505PS0174",40.9970069,-122.05907,"Shasta"
"615","505PS0940",41.2271332,-122.00899,"Siskiyou"
"616","505PS1180",41.26380159,-121.9137994,"Siskiyou"
"617","506PS0003",40.9436277,-122.33592,"Shasta"
"618","506PS0062",40.8609785,-122.46223,"Shasta"
"619","507BCSFBM",40.4787892,-121.59669,"Shasta"
"620","507BTC269",40.35193462,-121.6345078,"Tehama"
"621","507DCABSF",40.44288699,-121.7245803,"Tehama"
"622","507DCBLLB",40.43881548,-121.7771261,"Shasta"
"623","507MZCAML",40.5311695,-121.55295,"Shasta"
"624","507PS0122",40.3946581,-121.93617,"Tehama"
"625","507PS0142",40.6710053,-122.13952,"Shasta"
"626","507PS0286",40.5004397,-121.9328,"Shasta"
"627","507PS0314",40.4254914,-121.99258,"Tehama"
"628","507RCABRS",40.4532008,-121.7537452,"Shasta"
"629","507RCBLPF",40.45496782,-121.8332885,"Shasta"
"630","508CR1011",40.47343227,-122.3032304,"Shasta"
"631","508PS0042",40.5451607,-122.17608,"Shasta"
"632","508PS0298",40.5344735,-122.23382,"Shasta"
"633","508PS0458",40.49392984,-122.4475522,"Shasta"
"634","508PS0618",40.51949943,-122.3718929,"Shasta"
"635","509ACNFPP",40.2415177,-121.86257,"Tehama"
"636","509ACSFPP",40.2414128,-121.86211,"Tehama"
"637","509ATCINC",40.2330987,-121.87842,"Tehama"
"638","509BCCBPW",39.8682039,-121.70741,"Butte"
"639","509BCCH32",40.0720146,-121.59881,"Tehama"
"640","509BSCADC",40.1020575,-121.66361,"Tehama"
"641","509CBCADC",40.2022219,-121.50903,"Tehama"
"642","509CTCADC",40.2206384,-121.41317,"Tehama"
"643","509CWCPLR",40.2098862,-121.92768,"Tehama"
"644","509DCPWxx",40.0694096,-121.7098,"Tehama"
"645","509DRCBPC",40.1661181,-121.60047,"Tehama"
"646","509FCA054",40.2181228,-121.9989,"Tehama"
"647","509ICPPCX",40.2331385,-121.87787,"Tehama"
"648","509MLC145",40.28931,-121.568222,"Tehama"
"649","509PCDTWR",40.3117318,-121.88652,"Tehama"
"650","509PMC197",40.31215097,-121.891156,"Tehama"
"651","509PS0049",40.2630735,-121.40776,"Tehama"
"652","509PS0085",40.2551587,-121.55899,"Tehama"
"653","509PS0170",40.2650519,-121.76812,"Tehama"
"654","509PS0234",40.231948,-121.89898,"Tehama"
"655","509PS0334",40.2242573,-121.98898,"Tehama"
"656","511CCC505",38.685599,-121.87698,"Yolo"
"657","511FC1357",38.34677067,-121.8999914,"Solano"
"658","511PS0081",38.625336,-121.73708,"Yolo"
"659","511PS0145",38.3409751,-121.99733,"Solano"
"660","511PS0209",38.3841206,-121.93034,"Solano"
"661","511PS0401",38.3403603,-121.97067,"Solano"
"662","511PS0657",38.3477727,-122.003069,"Solano"
"663","513BTCACC",39.1670893,-122.64117,"Lake"
"664","513PS0008",38.932386,-122.93223,"Lake"
"665","513PS0024",39.0373388,-122.41239,"Colusa"
"666","513PS0088",38.9844141,-122.52218,"Lake"
"667","513PS0200",39.180011,-122.66729,"Lake"
"668","513PS0248",39.2167356,-122.72897,"Lake"
"669","513STCAIV",39.184573,-122.53572,"Lake"
"670","513UNCAKC",39.1674139,-122.5077,"Lake"
"671","514BMCARC",38.8726299,-120.74361,"El Dorado"
"672","514BRUUPX",38.8144808,-120.61598,"El Dorado"
"673","514DNCLDC",39.1387716,-120.47561,"Placer"
"674","514FC1215",38.97274598,-121.2914587,"Placer"
"675","514FC1278",39.14468378,-120.4664721,"Placer"
"676","514ICEUPx",38.8200764,-120.31396,"El Dorado"
"677","514LNCASC",38.8135653,-120.22609,"El Dorado"
"678","514PCAPCR",38.92412362,-120.4816858,"El Dorado"
"679","514PCASMR",38.89606285,-120.5497047,"El Dorado"
"680","514PS0019",38.8556853,-120.36576,"El Dorado"
"681","514PS0084",38.798367,-121.22034,"Placer"
"682","514PS0099",38.959999,-120.48396,"Placer"
"683","514PS0131",38.70483841,-120.2294503,"El Dorado"
"684","514PS0351",38.8928824,-121.14416,"Placer"
"685","514SBCAMR",38.7607788,-120.10687,"El Dorado"
"686","514SCCAAR",38.7910954,-120.10481,"El Dorado"
"687","514SFA222",38.69487538,-120.2013539,"El Dorado"
"688","514SSC190",38.81763335,-120.4408652,"El Dorado"
"689","515PS0106",39.2256189,-121.51396,"Yuba"
"690","515PS0410",38.985799,-121.48175,"Sutter"
"691","515PS0430",39.0507029,-121.38518,"Yuba"
"692","515PS0490",39.3200216,-121.51941,"Butte"
"693","515PS0622",39.00533966,-121.3993523,"Yuba"
"694","516PS0014",39.1878349,-120.94104,"Nevada"
"695","516PS0287",39.0455375,-121.11505,"Nevada"
"696","516PS0324",39.108574,-121.29184,"Yuba"
"697","516PS0516",39.02439732,-121.2308057,"Nevada"
"698","516PS0543",39.09776448,-121.1108176,"Nevada"
"699","517FC1248",39.66106231,-120.8893215,"Sierra"
"700","517FCA046",39.4654645,-120.96739,"Sierra"
"701","517FCA139",39.5986367,-120.99798,"Sierra"
"702","517FCA222",39.2997961,-120.9693,"Nevada"
"703","517LCCAYB",39.5992134,-120.51126,"Sierra"
"704","517PLC130",39.59001272,-120.8006765,"Sierra"
"705","517PS0030",39.3181993,-120.46061,"Nevada"
"706","517PS0039",39.4997595,-121.28654,"Yuba"
"707","517PS0054",39.445798,-121.03355,"Yuba"
"708","517PS0061",39.6847633,-120.74971,"Sierra"
"709","517PS0074",39.6237242,-120.72481,"Sierra"
"710","517PS0078",39.3015311,-120.99848,"Nevada"
"711","517PS0132",39.2989832,-121.29992,"Yuba"
"712","517SMC266",39.61971417,-120.6104561,"Sierra"
"713","518BTCASC",40.1869497,-121.30683,"Plumas"
"714","518CHCANF",39.7200416,-121.42155,"Butte"
"715","518CPCRCR",40.004658,-121.2706,"Plumas"
"716","518FC1060",40.02552347,-120.9640593,"Plumas"
"717","518FC1350",40.11088978,-121.1253962,"Plumas"
"718","518FCA075",39.9061276,-121.04677,"Plumas"
"719","518FRE265",40.01131873,-121.2088769,"Plumas"
"720","518FRE277",40.00794499,-121.1899704,"Plumas"
"721","518FRM117",39.86453788,-120.7613754,"Plumas"
"722","518GZCUPx",39.8899253,-121.27793,"Plumas"
"723","518JSC273",39.76837916,-120.6847574,"Plumas"
"724","518KNCAWC",40.4502822,-121.3672,"Shasta"
"725","518LCC233",40.05694615,-120.5725883,"Plumas"
"726","518MLC181",39.92723927,-121.181199,"Plumas"
"727","518PS0001",39.7098926,-121.37889,"Butte"
"728","518PS0017",39.7064404,-121.20443,"Plumas"
"729","518PS0029",40.0627097,-120.62957,"Plumas"
"730","518PS0033",39.9097993,-121.07063,"Plumas"
"731","518PS0045",40.003291,-120.93414,"Plumas"
"732","518PS0073",39.9594516,-120.25461,"Plumas"
"733","518PS0089",39.921356,-120.40488,"Plumas"
"734","518PS0093",39.998223,-120.73782,"Plumas"
"735","518PS0113",40.0712997,-121.25629,"Plumas"
"736","518PS0125",39.80922338,-120.6563791,"Plumas"
"737","518RCC169",39.98885908,-120.56938,"Plumas"
"738","518RCNAPC",40.3999116,-121.44101,"Plumas"
"739","518SDCAHR",40.2118867,-121.2724,"Plumas"
"740","518SED086",39.8062227,-121.0421,"Plumas"
"741","518SNCABC",39.6214339,-120.19227,"Sierra"
"742","518SPC134",39.68967378,-120.5120299,"Sierra"
"743","518WE0521",39.8129715,-120.68211,"Plumas"
"744","518WLCBCP",40.0504679,-120.37073,"Plumas"
"745","518WLCBWL",40.3853787,-121.34085,"Plumas"
"746","518YLCAFR",40.0120603,-121.24746,"Plumas"
"747","519CR0904",38.80836033,-121.6352067,"Sutter"
"748","519CR0912",38.57234057,-121.3577503,"Sacramento"
"749","519MNRASR",38.7589175,-121.25675,"Placer"
"750","519PS0002",38.6554442,-121.38861,"Sacramento"
"751","519PS0134",38.4824404,-121.39653,"Sacramento"
"752","519PS0194",38.7027073,-121.41506,"Sacramento"
"753","519PS0198",38.4627147,-121.31125,"Sacramento"
"754","519PS0253",38.6790923,-121.32829,"Sacramento"
"755","519PS0278",38.4766679,-121.29143,"Sacramento"
"756","519PS0290",38.4168745,-121.36358,"Sacramento"
"757","519PS0305",38.4779303,-121.42897,"Sacramento"
"758","519PS0322",38.7170691,-121.24055,"Sacramento"
"759","519PS0340",38.7547261,-121.23612,"Placer"
"760","519PS0390",38.481406,-121.40314,"Sacramento"
"761","519PS0402",38.7986086,-121.34792,"Placer"
"762","519PS0449",38.6852912,-121.44147,"Sacramento"
"763","519PS0450",38.7331372,-121.39474,"Placer"
"764","519PS0514",38.7339052,-121.27622,"Placer"
"765","519PS0534",38.6038324,-121.41264,"Sacramento"
"766","519PS0561",38.4592813,-121.43073,"Sacramento"
"767","519PS0578",38.77477548,-121.2533616,"Placer"
"768","519PS0646",38.5144868,-121.4101074,"Sacramento"
"769","519SCRAMR",38.759146,-121.25626,"Placer"
"770","520CR1010",39.5007605,-121.9976307,"Glenn"
"771","520FC1087",39.61321014,-121.7793704,"Butte"
"772","520PS0007",39.6199165,-121.7753,"Butte"
"773","520PS0071",39.700577,-121.85499,"Butte"
"774","520PS0135",39.6468949,-121.63945,"Butte"
"775","520PS0199",39.7102401,-121.7314,"Butte"
"776","520PS0202",39.4023354,-122.1635,"Glenn"
"777","520PS0455",39.70288599,-121.7744391,"Butte"
"778","521BTCLBC",39.7864113,-121.66052,"Butte"
"779","521FCA170",40.0781248,-121.56038,"Butte"
"780","521LCCBSR",39.8853132,-121.65031,"Butte"
"781","521PS0663",39.75879777,-121.6764362,"Butte"
"782","522CE0027",39.2911814,-122.55901,"Colusa"
"783","522GSCBSC",39.7223709,-122.72358,"Glenn"
"784","522MFSCRB",39.3776187,-122.65322,"Colusa"
"785","522PS0430",39.3769489,-122.64545,"Colusa"
"786","522PS0504",39.28089987,-122.6249052,"Colusa"
"787","522PS0643",39.37284796,-122.6101367,"Colusa"
"788","523PS0172",39.9345856,-122.8274,"Tehama"
"789","523PS0222",39.8598634,-122.63915,"Tehama"
"790","523PS0414",40.0268251,-122.64924,"Tehama"
"791","523TMCATG",39.853653,-122.67094,"Tehama"
"792","524PS0202",40.6907249,-122.64017,"Shasta"
"793","524PS0342",40.1699249,-122.67529,"Tehama"
"794","524PS0394",40.5855517,-122.5513,"Shasta"
"795","524PS0650",40.54267967,-122.5801591,"Shasta"
"796","526ASC237",41.20302227,-120.8606416,"Modoc"
"797","526ESCAMC",41.1753026,-120.20589,"Lassen"
"798","526HTC129",40.70991224,-121.4231824,"Shasta"
"799","526PNCAMF",41.3614539,-120.28212,"Modoc"
"800","526PS0072",41.1351076,-120.80025,"Lassen"
"801","526PS0076",41.2743417,-120.26368,"Modoc"
"802","526PS0220",41.0090277,-121.65077,"Shasta"
"803","526PS0228",41.1792136,-121.16291,"Lassen"
"804","526PS0344",41.4241036,-121.00347,"Modoc"
"805","526PS0356",41.1772655,-121.16283,"Lassen"
"806","526PS0396",41.3782703,-120.4142,"Modoc"
"807","526PS0440",41.2310443,-120.39822,"Modoc"
"808","526PS0472",41.4463365,-120.50531,"Modoc"
"809","526PS0504",41.1809051,-120.20974,"Lassen"
"810","526PS0756",41.19594,-120.9836,"Modoc"
"811","526PS0764",40.8949943,-121.94401,"Shasta"
"812","526PS0808",41.4909573,-120.79071,"Modoc"
"813","526PS0948",41.2077268,-120.93309,"Modoc"
"814","526PS1036",41.5512079,-120.45411,"Modoc"
"815","526PS1100",41.2913478,-120.2497,"Modoc"
"816","526PS1144",41.0825564,-120.34939,"Lassen"
"817","526PS1420",41.36560478,-120.4582741,"Modoc"
"818","526PS1496",41.4472378,-120.5109293,"Modoc"
"819","526PSCBBL",41.1670656,-120.30202,"Lassen"
"820","526PSCBLK",41.1609847,-120.28927,"Lassen"
"821","526WER123",41.2728098,-120.27339,"Modoc"
"822","526WTCACT",41.4426463,-121.01539,"Modoc"
"823","527PS0388",41.8263508,-120.29548,"Modoc"
"824","527PS1156",41.9467494,-120.28884,"Modoc"
"825","527PS1412",41.72801742,-120.3321003,"Modoc"
"826","531PS0365",37.9139489,-121.07092,"San Joaquin"
"827","531PS0381",37.8811429,-121.24921,"San Joaquin"
"828","531PS0429",37.8533047,-121.17267,"San Joaquin"
"829","532CPC238",38.68031692,-120.4158392,"El Dorado"
"830","532CRM206",38.58445931,-120.3064894,"El Dorado"
"831","532FC1181",38.7323238,-120.4783979,"El Dorado"
"832","532FC1271",38.58011767,-119.8887183,"Alpine"
"833","532PS0050",38.540813,-119.88855,"Alpine"
"834","532PS0062",38.6791303,-120.66661,"El Dorado"
"835","532PS0071",38.4902045,-120.39671,"Amador"
"836","532PTCAER",38.511093,-120.33743,"Amador"
"837","532SFC142",38.61333552,-120.5613118,"El Dorado"
"838","532TGRUPX",38.4826201,-120.44889,"Amador"
"839","533FC1043",38.18245018,-120.7010396,"Calaveras"
"840","534ANCACF",38.4073554,-119.79934,"Alpine"
"841","534CFSAIM",38.4161343,-119.73995,"Tuolumne"
"842","534CYCANB",38.0550719,-120.47711,"Calaveras"
"843","534DCC167",38.44072352,-120.0111523,"Alpine"
"844","534MLC108",38.3004897,-119.93472,"Tuolumne"
"845","534PS0043",38.1650206,-120.09099,"Tuolumne"
"846","534PS0070",38.3262399,-119.93849,"Tuolumne"
"847","534PS0114",38.3881095,-120.06182,"Tuolumne"
"848","534RSCAGG",38.1326339,-120.21849,"Tuolumne"
"849","534SPC227",38.20090277,-120.24876,"Tuolumne"
"850","534SRCFFC",38.3659299,-119.86907,"Tuolumne"
"851","534WER219",38.4183292,-119.75143,"Alpine"
"852","535CR0910",37.5967799,-121.12931,"Stanislaus"
"853","535PS0221",37.6305282,-120.98591,"Stanislaus"
"854","535PS0265",37.6440121,-120.69392,"Stanislaus"
"855","536CLR247",38.06350909,-120.0201628,"Tuolumne"
"856","536HLCBFM",38.0456648,-120.09967,"Tuolumne"
"857","536PS0107",38.0458303,-120.0237,"Tuolumne"
"858","536SED006",37.9055389,-119.99696,"Tuolumne"
"859","536SED108",37.8688122,-119.90435,"Tuolumne"
"860","536STR127",37.80924464,-119.9631934,"Tuolumne"
"861","536TRC119",38.11575891,-120.0035228,"Tuolumne"
"862","537ADCH41",37.5804956,-119.67816,"Mariposa"
"863","537BLCABG",37.7045776,-119.97417,"Mariposa"
"864","537BSCAWR",37.6208359,-119.67804,"Mariposa"
"865","537GZCAMR",37.5242445,-119.4645,"Madera"
"866","537MDR255",37.66186746,-119.9197547,"Mariposa"
"867","537PS0386",37.6601072,-119.99491,"Mariposa"
"868","537TYCAML",37.7593154,-119.52897,"Mariposa"
"869","539CCRARR",37.260413,-119.94625,"Madera"
"870","539NDCACC",37.4250002,-119.59622,"Madera"
"871","539PS0127",37.42787411,-119.6613123,"Mariposa"
"872","540BCA168",37.2338128,-119.13584,"Fresno"
"873","540CDC136",37.39721998,-119.0013566,"Fresno"
"874","540CQCBBR",37.512904,-119.42528,"Madera"
"875","540GNCBTC",37.5641933,-119.31546,"Madera"
"876","540MNCANF",37.4131773,-118.90796,"Fresno"
"877","540MNCASJ",37.6395992,-119.08799,"Madera"
"878","540MRC196",37.64089043,-119.0946299,"Madera"
"879","540MSJ132",37.59601994,-119.0921538,"Madera"
"880","540PKC272",37.85435995,-119.1390899,"Mono"
"881","540PS0008",37.2180745,-119.21886,"Fresno"
"882","540PS0258",37.1636667,-119.35193,"Fresno"
"883","540SDC212",37.32109006,-119.4921495,"Madera"
"884","540SED003",37.241985,-118.94655,"Fresno"
"885","540SSJ200",37.32603201,-119.0163622,"Fresno"
"886","541PS0055",37.2993703,-120.94798,"Merced"
"887","542DPCDPC",37.4208663,-121.37372,"Stanislaus"
"888","544R00281",37.952557,-121.69589,"Contra Costa"
"889","545PS0335",36.9879295,-120.02075,"Madera"
"890","551PS0308",36.7236574,-119.45933,"Fresno"
"891","552DKC268",37.09119045,-119.1563768,"Fresno"
"892","552DRCAEF",37.0069006,-119.06365,"Fresno"
"893","552FC1226",37.11440996,-119.1692801,"Fresno"
"894","552FCA017",36.9636736,-119.2314,"Fresno"
"895","552KRSFBC",36.7894211,-118.55104,"Fresno"
"896","552MFC120",36.78282966,-119.0241709,"Fresno"
"897","552MFCAKR",36.8538418,-119.0974,"Fresno"
"898","552PS0028",36.8430603,-119.09718,"Fresno"
"899","552PS0072",37.1168754,-119.17263,"Fresno"
"900","552PS0284",36.9090585,-119.12727,"Fresno"
"901","552SCCTSR",36.9180632,-119.27533,"Fresno"
"902","553KRMAPC",36.5198665,-118.75975,"Tulare"
"903","553KRNAYC",36.5464579,-118.8978,"Tulare"
"904","553TCCAKR",36.5450613,-118.89593,"Tulare"
"905","554CLCALK",36.2127214,-118.51665,"Tulare"
"906","554FSC207",36.0972601,-118.2505353,"Tulare"
"907","554LCCADR",35.4808635,-118.6802,"Kern"
"908","554NYCGWD",36.02064,-118.56706,"Tulare"
"909","554PMCABC",35.9528641,-118.41543,"Tulare"
"910","554PMCGWD",36.0835735,-118.54755,"Tulare"
"911","554PS0160",35.4662255,-118.32579,"Kern"
"912","554PS0224",35.5297306,-118.60656,"Kern"
"913","554PS0448",35.6850624,-118.25595,"Kern"
"914","554PS0946",35.7083398,-118.19208,"Kern"
"915","554SED027",35.9006824,-118.36897,"Tulare"
"916","555PS0064",36.1822344,-118.78806,"Tulare"
"917","601PRK002",37.8427634,-119.14729,"Mono"
"918","601PS0057",37.9169112,-119.0743,"Mono"
"919","601PS0065",37.945279,-119.20368,"Mono"
"920","601PS0077",38.0309842,-119.18359,"Mono"
"921","601WRN001",37.9539981,-119.22815,"Mono"
"922","602FC1102",37.89016025,-118.7154475,"Mono"
"923","603CON001",37.6151908,-118.82714,"Mono"
"924","603DDM002",37.750057,-118.96709,"Mono"
"925","603DDM004",37.7082113,-119.057,"Mono"
"926","603DDM005",37.7082668,-119.0532,"Mono"
"927","603FCA145",37.5651365,-118.75445,"Mono"
"928","603GLS001",37.7470734,-118.98624,"Mono"
"929","603GSCADC",37.7397429,-119.04998,"Mono"
"930","603MAM003",37.6339929,-118.95914,"Mono"
"931","603MCG001",37.5653442,-118.78331,"Mono"
"932","603OHCAOR",37.7449878,-118.75563,"Mono"
"933","603PNC001",37.380402,-118.67247,"Inyo"
"934","603PS0008",37.4857939,-118.76047,"Mono"
"935","603PS0024",37.5389881,-118.64399,"Mono"
"936","603PS0040",37.5280719,-118.70994,"Mono"
"937","603PS0044",37.1254722,-118.35199,"Inyo"
"938","603PS0045",37.5512459,-118.80158,"Mono"
"939","603PS0056",37.3417361,-118.73378,"Inyo"
"940","603PS0072",37.3743766,-118.67665,"Inyo"
"941","603PS0073",37.7093396,-119.05803,"Mono"
"942","603PS0075",37.7571266,-118.44124,"Mono"
"943","603PS0076",37.3187978,-118.50609,"Inyo"
"944","603PS0079",37.7039368,-118.77646,"Mono"
"945","603PS0092",37.2863882,-118.4042,"Inyo"
"946","603PS0108",37.1637171,-118.29026,"Inyo"
"947","603PS0109",36.5949449,-118.14485,"Inyo"
"948","603PS0132",37.48024772,-118.5584239,"Mono"
"949","603PS0136",37.42486153,-118.5792427,"Inyo"
"950","603PS0137",37.74786675,-118.9710045,"Mono"
"951","603PS0557",36.4627431,-118.1141,"Inyo"
"952","603PS0720",36.8314648,-118.2214,"Inyo"
"953","603PS1056",36.982039,-118.30243,"Inyo"
"954","603PS1488",36.71298374,-118.2769232,"Inyo"
"955","603PSx109",37.5926993,-118.78253,"Mono"
"956","603RCC156",37.4782898,-118.721124,"Mono"
"957","603RCK001",37.5611498,-118.66291,"Mono"
"958","603SPCBWC",36.7168478,-118.26553,"Inyo"
"959","603UOW001",37.6855791,-118.76158,"Mono"
"960","603UOW003",37.7123386,-118.78859,"Mono"
"961","603UOW009",37.7535658,-118.93131,"Mono"
"962","609PS0053",35.7463518,-116.22256,"San Bernardino"
"963","620PS0669",36.3194946,-117.52608,"Inyo"
"964","626PS0171",34.4475803,-118.01591,"Los Angeles"
"965","626PS0619",34.4187649,-117.97471,"Los Angeles"
"966","626PS0827",34.3865167,-117.82502,"Los Angeles"
"967","626PS1195",34.45460942,-118.0171989,"Los Angeles"
"968","628MRW138",34.2847107,-117.37374,"San Bernardino"
"969","628PS0527",34.2471922,-117.11022,"San Bernardino"
"970","628PS0715",34.5358352,-117.28926,"San Bernardino"
"971","628PS1019",34.3361436,-117.16144,"San Bernardino"
"972","628PS1039",34.2642214,-117.12565,"San Bernardino"
"973","628PS1179",34.3390158,-117.1669,"San Bernardino"
"974","628PS1307",34.34422966,-117.2267769,"San Bernardino"
"975","628PS1483",34.51247043,-117.2615044,"San Bernardino"
"976","630FCA097",38.2712964,-119.33055,"Mono"
"977","630PS0005",38.066096,-119.22505,"Mono"
"978","630RBS005",38.1452967,-119.3861,"Mono"
"979","630SED034",38.1343845,-119.23532,"Mono"
"980","631DEP001",38.4547143,-119.45503,"Mono"
"981","631FC1099",38.36417187,-119.4447781,"Mono"
"982","631LWK002",38.3212344,-119.44997,"Mono"
"983","631POR001",38.3347081,-119.533,"Mono"
"984","631PS0001",38.3129483,-119.61195,"Mono"
"985","631PS0011",38.3731259,-119.53433,"Mono"
"986","631PS0023",38.4717665,-119.35308,"Mono"
"987","631PS0033",38.287577,-119.54742,"Mono"
"988","631PS0051",38.538792,-119.47966,"Mono"
"989","631PS0145",38.31980926,-119.5495281,"Mono"
"990","631WWK005",38.3091402,-119.55058,"Mono"
"991","632CHV001",38.6782496,-119.90081,"Alpine"
"992","632DIX001",38.5606873,-119.70506,"Alpine"
"993","632ELD001",38.4993978,-119.74089,"Alpine"
"994","632HNCAHL",38.6556957,-119.64425,"Alpine"
"995","632MRK001",38.6975735,-119.77462,"Alpine"
"996","632MUR001",38.4920484,-119.70201,"Alpine"
"997","632NOB001",38.5739459,-119.7906,"Alpine"
"998","632PS0007",38.5333475,-119.59371,"Alpine"
"999","632PS0014",38.5654945,-119.62348,"Alpine"
"1000","632PS0046",38.696085,-119.77415,"Alpine"
"1001","632PS0058",38.6061113,-119.69002,"Alpine"
"1002","632PS0110",38.75037339,-119.644716,"Alpine"
"1003","632SVK001",38.5515643,-119.61095,"Alpine"
"1004","633PS0003",38.8174123,-119.90947,"Alpine"
"1005","633PS0142",38.80733182,-119.7777962,"Alpine"
"1006","633WCR001",38.7909985,-119.79301,"Alpine"
"1007","633WCR003",38.6807625,-119.93308,"Alpine"
"1008","633WE0991",38.7322424,-119.92962,"Alpine"
"1009","633WIL001",38.7838189,-119.91829,"Alpine"
"1010","634CAT055",39.0057699,-120.16517,"El Dorado"
"1011","634CLD001",38.8990091,-119.95141,"El Dorado"
"1012","634EGL005",38.9398811,-120.12467,"El Dorado"
"1013","634GACALL",38.8732769,-120.09564,"El Dorado"
"1014","634GRF001",39.265502,-120.02681,"Placer"
"1015","634HHCATC",38.8536826,-119.94794,"El Dorado"
"1016","634HID001",38.8714398,-119.9653,"El Dorado"
"1017","634MKC278",39.05558296,-120.1539532,"Placer"
"1018","634PS0019",38.7952144,-119.98684,"El Dorado"
"1019","634PS0035",38.8715412,-120.09935,"El Dorado"
"1020","634PS0126",38.87660009,-119.9840046,"El Dorado"
"1021","634PS0131",38.82055663,-120.0192451,"El Dorado"
"1022","634R10BMW",38.7796377,-119.99806,"El Dorado"
"1023","634R10GNL",39.0299623,-120.1604,"El Dorado"
"1024","634R10UTR",38.7782606,-120.02936,"El Dorado"
"1025","634SAX002",38.882835,-119.9805,"El Dorado"
"1026","634TAY001",38.9239015,-120.05706,"El Dorado"
"1027","634TRT001",38.8569926,-119.94436,"El Dorado"
"1028","634TRT002",38.9285435,-119.97611,"El Dorado"
"1029","634TRT005",38.8841708,-119.97783,"El Dorado"
"1030","634TRU231",38.8102695,-120.017453,"El Dorado"
"1031","634UTR005",38.8629038,-120.02332,"El Dorado"
"1032","634UTRADC",38.729967,-120.01776,"Alpine"
"1033","634WRD001",39.1398154,-120.19108,"Placer"
"1034","634WSN001",39.2220405,-120.10178,"Placer"
"1035","635BER001",39.1901383,-120.19806,"Placer"
"1036","635CLS001",39.3002795,-120.25219,"Placer"
"1037","635PRN001",39.3857483,-120.2524,"Nevada"
"1038","635PS0018",39.178365,-120.19251,"Placer"
"1039","635PS0034",39.2584433,-120.20859,"Placer"
"1040","635PS0038",39.3823765,-120.22624,"Nevada"
"1041","635PS0118",39.34775238,-120.1223277,"Nevada"
"1042","635PS0146",39.32331518,-120.2281119,"Nevada"
"1043","636PS0006",39.4895671,-120.28038,"Sierra"
"1044","636PS0010",39.4617379,-120.18913,"Sierra"
"1045","636PS0070",39.4946973,-120.33373,"Sierra"
"1046","636SAG001",39.4372801,-120.2295,"Nevada"
"1047","636SHCWES",39.4310516,-120.24152,"Nevada"
"1048","637PS0018",40.3611592,-120.80594,"Lassen"
"1049","637PS0130",40.4180714,-120.8534657,"Lassen"
"1050","639PS1279",40.73350087,-120.1178288,"Lassen"
"1051","705PCCPCP",34.16677039,-116.5726525,"San Bernardino"
"1052","719BMCPRE",34.03638408,-116.5675151,"San Bernardino"
"1053","719HOTCPF",33.57493477,-116.4168443,"Riverside"
"1054","719MISSCK",34.0077515,-116.6223365,"Riverside"
"1055","719NP7AZC",33.85608846,-116.8062677,"Riverside"
"1056","719NP7BNC",33.86807372,-116.772727,"Riverside"
"1057","719NP7DPC",33.63366193,-116.3919569,"Riverside"
"1058","719NP7LBC",33.89152158,-116.694835,"Riverside"
"1059","719NP7TWP",33.85534905,-116.7805625,"Riverside"
"1060","719TPPSQH",33.83104862,-116.3117276,"Riverside"
"1061","719TRMDSS",33.84028187,-116.6136044,"Riverside"
"1062","719WWRPUS",33.99036935,-116.6605846,"Riverside"
"1063","722ABSPPC",33.2784493,-116.4293077,"San Diego"
"1064","722NP7CGC",33.3546,-116.48263,"San Diego"
"1065","722NP7IDC",33.34707,-116.47844,"San Diego"
"1066","722PS0535",33.3695331,-116.4226,"San Diego"
"1067","722PS0611",33.112553,-116.44469,"San Diego"
"1068","801BNC530",34.17820411,-116.9088645,"San Bernardino"
"1069","801BRC184",34.16553455,-117.0153951,"San Bernardino"
"1070","801CCCCTT",34.1839589,-117.62696,"San Bernardino"
"1071","801CCWFAC",34.1895145,-117.18186,"San Bernardino"
"1072","801CYC398",34.1364652,-117.1896772,"San Bernardino"
"1073","801DRC025",34.17399098,-116.984161,"San Bernardino"
"1074","801EBC686",34.16915234,-116.8919788,"San Bernardino"
"1075","801EEWADD",34.1873138,-117.52055,"San Bernardino"
"1076","801ETC226",34.19154779,-117.2740511,"San Bernardino"
"1077","801LCMFAS",34.249615,-117.518,"San Bernardino"
"1078","801LYC271",34.22909641,-117.4737859,"San Bernardino"
"1079","801LYC600",34.23094448,-117.4829106,"San Bernardino"
"1080","801M12611",33.80456,-117.86822,"Orange"
"1081","801M12617",33.65489,-117.77451,"Orange"
"1082","801M12625",33.69499,-117.93471,"Orange"
"1083","801M16861",33.89732,-117.36136,"Riverside"
"1084","801M16873",33.90145,-117.4664,"Riverside"
"1085","801MHC219",34.11077451,-116.9924906,"San Bernardino"
"1086","801MIC042",33.94653043,-117.6147465,"San Bernardino"
"1087","801MIC370",34.10027317,-117.0240712,"San Bernardino"
"1088","801NLC105",34.25299621,-117.4935903,"San Bernardino"
"1089","801PFB019",33.92390741,-117.5975265,"Riverside"
"1090","801PS0019",34.154549,-117.13613,"San Bernardino"
"1091","801RB8361",33.9690442,-117.43755,"Riverside"
"1092","801S01671",34.1695965,-116.82554,"San Bernardino"
"1093","801S01783",34.1901583,-117.27273,"San Bernardino"
"1094","801S01805",33.986623,-117.14226,"Riverside"
"1095","801S02567",34.1846561,-116.89681,"San Bernardino"
"1096","801S02947",33.699192,-117.81143,"Orange"
"1097","801S03111",34.2453684,-117.61054,"San Bernardino"
"1098","801S03488",34.248016,-117.62685,"San Bernardino"
"1099","801S03971",33.6755112,-117.82775,"Orange"
"1100","801S04078",33.9975871,-117.72325,"San Bernardino"
"1101","801S04471",34.11111,-117.14747,"San Bernardino"
"1102","801S05127",34.18282123,-117.0096419,"San Bernardino"
"1103","801S05383",34.16560172,-117.0154885,"San Bernardino"
"1104","801S06231",34.23260465,-117.4288231,"San Bernardino"
"1105","801S06679",34.2616443,-117.46943,"San Bernardino"
"1106","801S07485",33.94733648,-117.6140583,"San Bernardino"
"1107","801S08183",34.07338046,-117.3043306,"San Bernardino"
"1108","801S08727",34.21709071,-117.4618374,"San Bernardino"
"1109","801S10259",33.6489139,-117.69841,"Orange"
"1110","801S19286",33.71868401,-117.7883146,"Orange"
"1111","801S19399",33.65550258,-117.7622746,"Orange"
"1112","801S19486",33.67632076,-117.8269997,"Orange"
"1113","801SANT1x",33.7091141,-117.61451,"Orange"
"1114","801SAR110",33.96406821,-117.4652868,"Riverside"
"1115","801SAR124",34.12660524,-117.0773108,"San Bernardino"
"1116","801SDC180",33.67355501,-117.790901,"Orange"
"1117","801SDC418",33.68066618,-117.8069575,"Orange"
"1118","801SJR159",33.739122,-116.8309172,"Riverside"
"1119","801SNP001",34.24427608,-117.5072515,"San Bernardino"
"1120","801SNP002",34.2560162,-117.6415304,"San Bernardino"
"1121","801STW055",34.03865508,-117.2204469,"San Bernardino"
"1122","801STW085",34.04953875,-117.2326774,"San Bernardino"
"1123","801STW258",34.0138836,-117.1784404,"San Bernardino"
"1124","801WBC106",34.15518954,-116.8851043,"San Bernardino"
"1125","801WCC247",34.18785675,-117.1837143,"San Bernardino"
"1126","801WE0674",34.1756773,-116.98476,"San Bernardino"
"1127","801WE1008",34.1809747,-116.91249,"San Bernardino"
"1128","801WE1132",34.1337834,-116.84314,"San Bernardino"
"1129","801XXX305",33.70865251,-117.8003953,"Orange"
"1130","802FMCAIP",33.8070008,-116.74394,"Riverside"
"1131","802NJR147",33.79422602,-116.7472887,"Riverside"
"1132","802S25949",33.7943936,-116.74822,"Riverside"
"1133","802S33361",33.7390683,-116.7251,"Riverside"
"1134","802S33561",33.7435692,-116.71028,"Riverside"
"1135","802S37697",33.8796266,-117.21403,"Riverside"
"1136","802S45233",33.76989101,-116.7787525,"Riverside"
"1137","802SJR116",33.66404168,-117.278696,"Riverside"
"1138","802SJR587",33.72196724,-116.8043104,"Riverside"
"1139","845PS0011",33.8812514,-117.89713,"Orange"
"1140","901ATCAAS",33.6827445,-117.5017,"Orange"
"1141","901BELOLV",33.6397295,-117.55393,"Orange"
"1142","901CSCADC",33.493881,-117.43028,"San Diego"
"1143","901DCCSMC",33.4736221,-117.4656,"San Diego"
"1144","901M14118",33.6098,-117.62739,"Orange"
"1145","901M14124",33.43535,-117.62556,"Orange"
"1146","901NP9FLC",33.67595868,-117.5366404,"Orange"
"1147","901NP9LCC",33.62729681,-117.4288649,"Riverside"
"1148","901PS0057",33.5281378,-117.66961,"Orange"
"1149","901S00313",33.6060508,-117.44681,"Riverside"
"1150","901S00469",33.5298794,-117.40905,"Riverside"
"1151","901S00997",33.4395601,-117.61966,"Orange"
"1152","901S01705",33.6030549,-117.50973,"Orange"
"1153","901S01811",33.5633426,-117.71768,"Orange"
"1154","901S01849",33.5552391,-117.3978,"Riverside"
"1155","901S02873",33.54344,-117.39739,"Riverside"
"1156","901S04309",33.4748612,-117.46605,"San Diego"
"1157","901S04409",33.6034762,-117.45315,"Riverside"
"1158","901S04565",33.5316062,-117.41415,"Riverside"
"1159","901S06030",33.5022585,-117.64837,"Orange"
"1160","901S06798",33.5315427,-117.74145,"Orange"
"1161","901S06851",33.5505243,-117.67543,"Orange"
"1162","901S06969",33.5533437,-117.3958,"Riverside"
"1163","901S11685",33.5098517,-117.63485,"Orange"
"1164","901S12942",33.4778404,-117.67851,"Orange"
"1165","901S39498",33.4903897,-117.66532,"Orange"
"1166","901S45253",33.5144227,-117.62614,"Orange"
"1167","901SCCA74",33.6185364,-117.50984,"Orange"
"1168","901SJSJC9",33.4842296,-117.67552,"Orange"
"1169","901SJSMT2",33.5500509,-117.39568,"Riverside"
"1170","902ARO100",33.4436457,-116.98743,"Riverside"
"1171","902M18864",33.49207,-117.24653,"Riverside"
"1172","902M20161",33.4187,-117.14103,"San Diego"
"1173","902S00117",33.341774,-117.33188,"San Diego"
"1174","902S00565",33.4108286,-117.23891,"San Diego"
"1175","902S02293",33.4233868,-117.20467,"San Diego"
"1176","902S02357",33.4056847,-117.24977,"San Diego"
"1177","902S05173",33.3971084,-117.28365,"San Diego"
"1178","902SMSND3",33.4151877,-117.24663,"San Diego"
"1179","902SMSTN1",33.4310563,-117.18926,"San Diego"
"1180","902WE0888",33.4541711,-117.30288,"San Diego"
"1181","903ACPCT1",33.2968568,-116.63839,"San Diego"
"1182","903FCPSPx",33.3511683,-116.91311,"San Diego"
"1183","903FRC",33.35894181,-116.9064902,"San Diego"
"1184","903M20124",33.29947,-117.08415,"San Diego"
"1185","903M20153",33.31876,-117.10161,"San Diego"
"1186","903NP9SLR",33.34993721,-116.6650801,"San Diego"
"1187","903S06113",33.2644836,-116.81301,"San Diego"
"1188","903SLFRCx",33.3417803,-116.87746,"San Diego"
"1189","903SLKYS3",33.28785,-117.08242,"San Diego"
"1190","903SLMSA2",33.2853227,-117.20872,"San Diego"
"1191","903WE0798",33.3368651,-116.82934,"San Diego"
"1192","903WE0900",33.330711,-116.81609,"San Diego"
"1193","904CBAHC6",33.14968,-117.29649,"San Diego"
"1194","904CBESC8",33.0343335,-117.23599,"San Diego"
"1195","904M21713",33.11944,-117.09511,"San Diego"
"1196","904M21720",33.15678,-117.28243,"San Diego"
"1197","904PS0034",33.0681292,-117.26263,"San Diego"
"1198","904S00537",33.0499534,-117.22443,"San Diego"
"1199","904S02201",33.1797995,-117.33735,"San Diego"
"1200","904S02585",33.090855,-117.24471,"San Diego"
"1201","904S08089",33.0890172,-117.13747,"San Diego"
"1202","904S12185",33.0991845,-117.13014,"San Diego"
"1203","904WE1125",33.0990574,-117.12941,"San Diego"
"1204","905BCC",33.13023688,-116.79877,"San Diego"
"1205","905DGCC1x",33.1579419,-116.85173,"San Diego"
"1206","905PS0026",33.1075387,-116.8642,"San Diego"
"1207","905S01953",33.0892649,-116.90366,"San Diego"
"1208","905S02561",33.1297426,-116.63592,"San Diego"
"1209","905S15201",33.117781,-116.85445,"San Diego"
"1210","905SDBDN9",33.09303,-116.89707,"San Diego"
"1211","905SDYSA7",33.0852105,-116.91754,"San Diego"
"1212","905WE0679",33.131625,-116.65517,"San Diego"
"1213","905WE1018",33.1244164,-116.6825,"San Diego"
"1214","906LPLPC6",32.9058216,-117.22704,"San Diego"
"1215","906LPRSC4",32.8369516,-117.23159,"San Diego"
"1216","906M23302",32.81736,-117.19986,"San Diego"
"1217","906M23318",32.8249,-117.23035,"San Diego"
"1218","906S02246",32.9463653,-117.09849,"San Diego"
"1219","907BCT",32.96681101,-116.6521283,"San Diego"
"1220","907CCCR02",33.0010791,-116.70977,"San Diego"
"1221","907CONECR",32.89028,-116.76306,"San Diego"
"1222","907S00577",33.0760858,-116.67566,"San Diego"
"1223","907S01418",32.9924644,-116.71858,"San Diego"
"1224","907S01434",32.9042752,-116.62556,"San Diego"
"1225","907S01610",32.9667551,-116.65275,"San Diego"
"1226","907S02774",32.811821,-116.97324,"San Diego"
"1227","907S03210",33.0031286,-116.72919,"San Diego"
"1228","907S03786",32.8942187,-116.65844,"San Diego"
"1229","907S05514",32.9797401,-116.74247,"San Diego"
"1230","907S46499",32.9626887,-116.74933,"San Diego"
"1231","907SDCHC3",32.8472168,-116.80681,"San Diego"
"1232","907SDFRC2",32.8396903,-117.00111,"San Diego"
"1233","907SSDR11",32.8217451,-117.06302,"San Diego"
"1234","909JPCH79",32.9182367,-116.57144,"San Diego"
"1235","909JQCASR",32.9145272,-116.56561,"San Diego"
"1236","909SHAR02",32.8104503,-116.84246,"San Diego"
"1237","909SLAW02",32.7542273,-116.77888,"San Diego"
"1238","909SSWR08",32.65897,-117.04181,"San Diego"
"1239","909WE0662",32.8996669,-116.58881,"San Diego"
"1240","910DZRA03",32.6533838,-116.79143,"San Diego"
"1241","910S06570",32.634814,-116.88541,"San Diego"
"1242","910S14762",32.647877,-116.86999,"San Diego"
"1243","911COPPER",32.5630219,-116.82907,"San Diego"
"1244","911KCKCRx",32.7874036,-116.451,"San Diego"
"1245","911LAP",32.7002313,-116.48152,"San Diego"
"1246","911M24916",32.54938,-116.99128,"San Diego"
"1247","911NCPCR2",32.8636443,-116.50915,"San Diego"
"1248","911NCPCRx",32.86373,-116.51654,"San Diego"
"1249","911NP9ATC",32.7706879,-116.41849,"San Diego"
"1250","911NP9UCW",32.8184104,-116.49262,"San Diego"
"1251","911S00538",32.7810141,-116.63302,"San Diego"
"1252","911S00858",32.9028237,-116.49337,"San Diego"
"1253","911S01142",32.7354777,-116.65268,"San Diego"
"1254","911S01818",32.8616556,-116.52029,"San Diego"
"1255","911S02058",32.7608238,-116.6431,"San Diego"
"1256","911S03354",32.790719,-116.61715,"San Diego"
"1257","911S04086",32.6747681,-116.57821,"San Diego"
"1258","911S12262",32.6566508,-116.68056,"San Diego"
"1259","911TCAM01",32.58928,-116.51797,"San Diego"
"1260","911TCCTCx",32.8075175,-116.44042,"San Diego"
"1261","911TJIND2",32.8973878,-116.50434,"San Diego"
"1262","911TJKC1x",32.7527985,-116.4519,"San Diego"
"1263","911TJKTC5",32.7527985,-116.4519,"San Diego"
"1264","911TJLCC2",32.7784977,-116.4448,"San Diego"
"1265","911TJWIL3",32.693986,-116.6957,"San Diego"
"1266","911TTJR01",32.5658506,-116.77158,"San Diego"
"1267","REF-TCAS",33.67408061,-117.5371902,"Orange"
"1268","SGLT506",34.0616723,-117.99384,"Los Angeles"
"1269","SGUR103",34.2427675,-118.04972,"Los Angeles"
"1270","SGUT503",34.2914337,-117.83966,"Los Angeles"
"1271","SMC00027",34.6629638,-119.05229,"Ventura"
"1272","SMC00036",34.2149695,-118.87999,"Ventura"
"1273","SMC00105",33.7458076,-117.58472,"Orange"
"1274","SMC00135",34.0781823,-116.87856,"San Bernardino"
"1275","SMC00153",33.2215539,-117.34665,"San Diego"
"1276","SMC00191",34.3676103,-119.05379,"Ventura"
"1277","SMC00198",32.937358,-117.1395,"San Diego"
"1278","SMC00206",33.5451478,-117.65998,"Orange"
"1279","SMC00271",34.5489318,-119.16562,"Ventura"
"1280","SMC00288",34.1308591,-117.76104,"Los Angeles"
"1281","SMC00318",33.8130527,-118.20559,"Los Angeles"
"1282","SMC00375",34.1090279,-117.15266,"San Bernardino"
"1283","SMC00382",34.0444783,-117.9951,"Los Angeles"
"1284","SMC00428",34.245972,-118.04868,"Los Angeles"
"1285","SMC00436",34.1484908,-118.27845,"Los Angeles"
"1286","SMC00440",34.2861499,-118.52907,"Los Angeles"
"1287","SMC00446",34.0201858,-118.04625,"Los Angeles"
"1288","SMC00457",33.2336868,-117.09475,"San Diego"
"1289","SMC00464",34.2417188,-117.86624,"Los Angeles"
"1290","SMC00473",33.0385323,-117.15843,"San Diego"
"1291","SMC00476",34.2426391,-118.13468,"Los Angeles"
"1292","SMC00479",34.2634002,-119.24095,"Ventura"
"1293","SMC00480",34.2342633,-117.73221,"Los Angeles"
"1294","SMC00520",34.2959145,-118.28307,"Los Angeles"
"1295","SMC00531",33.5589272,-117.77256,"Orange"
"1296","SMC00544",34.1467739,-117.74153,"Los Angeles"
"1297","SMC00608",34.1234431,-117.90224,"Los Angeles"
"1298","SMC00632",34.148748,-118.55605,"Los Angeles"
"1299","SMC00660",34.2678337,-118.93799,"Ventura"
"1300","SMC00665",33.2740051,-117.23159,"San Diego"
"1301","SMC00670",33.8686273,-117.90923,"Orange"
"1302","SMC00684",34.096982,-118.02374,"Los Angeles"
"1303","SMC00686",34.032203,-117.8382,"Los Angeles"
"1304","SMC00693",33.2964867,-117.08551,"San Diego"
"1305","SMC00702",33.8779562,-118.00298,"Orange"
"1306","SMC00710",32.8891902,-117.20109,"San Diego"
"1307","SMC00729",33.1350249,-117.17517,"San Diego"
"1308","SMC00748",34.075488,-118.07881,"Los Angeles"
"1309","SMC00766",33.6571859,-117.83741,"Orange"
"1310","SMC00827",34.5571629,-119.18882,"Ventura"
"1311","SMC00830",33.943059,-118.16606,"Los Angeles"
"1312","SMC00836",34.1901929,-119.0056,"Ventura"
"1313","SMC00857",33.2460983,-117.30089,"San Diego"
"1314","SMC00873",33.5978762,-117.62711,"Orange"
"1315","SMC00899",33.717471,-117.7888,"Orange"
"1316","SMC00910",33.5135612,-117.74432,"Orange"
"1317","SMC00911",34.5080262,-119.2979,"Ventura"
"1318","SMC00921",33.1062473,-117.11568,"San Diego"
"1319","SMC00924",34.2234965,-118.18015,"Los Angeles"
"1320","SMC00926",33.9074099,-117.88296,"Orange"
"1321","SMC00957",33.9619585,-117.37075,"Riverside"
"1322","SMC00958",33.8253264,-117.99894,"Orange"
"1323","SMC00963",33.5640155,-117.6514,"Orange"
"1324","SMC01004",34.1492659,-118.16567,"Los Angeles"
"1325","SMC01013",33.480581,-117.14397,"Riverside"
"1326","SMC01040",34.3051727,-118.15833,"Los Angeles"
"1327","SMC01046",32.7946457,-117.18536,"San Diego"
"1328","SMC01049",33.1773783,-117.20403,"San Diego"
"1329","SMC01096",34.2848271,-118.29322,"Los Angeles"
"1330","SMC01097",33.4867467,-117.2556,"Riverside"
"1331","SMC01151",34.3725182,-118.97152,"Ventura"
"1332","SMC01155",33.7611238,-117.67931,"Orange"
"1333","SMC01158",32.9625062,-117.16733,"San Diego"
"1334","SMC01161",33.4467309,-117.25528,"San Diego"
"1335","SMC01174",33.0167752,-117.01646,"San Diego"
"1336","SMC01196",34.278378,-118.0296,"Los Angeles"
"1337","SMC01201",33.0858228,-117.05531,"San Diego"
"1338","SMC01208",34.1901544,-118.53647,"Los Angeles"
"1339","SMC01215",34.3396913,-119.06785,"Ventura"
"1340","SMC01248",34.2589568,-117.74499,"Los Angeles"
"1341","SMC01257",33.6084222,-117.6186,"Orange"
"1342","SMC01260",34.0650236,-117.97474,"Los Angeles"
"1343","SMC01278",33.8203072,-118.06683,"Los Angeles"
"1344","SMC01320",34.298516,-118.25076,"Los Angeles"
"1345","SMC01358",33.9096517,-118.24673,"Los Angeles"
"1346","SMC01383",34.0662228,-117.54181,"San Bernardino"
"1347","SMC01384",34.0645362,-118.70035,"Los Angeles"
"1348","SMC01413",33.3055192,-116.80626,"San Diego"
"1349","SMC01424",34.2401184,-117.81617,"Los Angeles"
"1350","SMC01452",34.0909013,-118.06673,"Los Angeles"
"1351","SMC01454",33.9550309,-117.8613,"Los Angeles"
"1352","SMC01464",34.2751627,-118.52666,"Los Angeles"
"1353","SMC01504",34.253273,-117.71385,"Los Angeles"
"1354","SMC01512",34.2763996,-118.67251,"Ventura"
"1355","SMC01544",34.2973085,-118.24852,"Los Angeles"
"1356","SMC01555",33.5499879,-117.77966,"Orange"
"1357","SMC01567",34.5096111,-119.38373,"Ventura"
"1358","SMC01606",32.8414045,-117.23471,"San Diego"
"1359","SMC01640",34.1530146,-118.69681,"Los Angeles"
"1360","SMC01656",34.1563171,-118.53628,"Los Angeles"
"1361","SMC01662",33.9247973,-117.95667,"Orange"
"1362","SMC01684",34.2761401,-118.91576,"Ventura"
"1363","SMC01689",33.2678939,-117.23569,"San Diego"
"1364","SMC01692",34.1979861,-118.16973,"Los Angeles"
"1365","SMC01694",33.9200198,-117.90271,"Orange"
"1366","SMC01716",34.2074702,-118.49728,"Los Angeles"
"1367","SMC01717",33.3396866,-117.13286,"San Diego"
"1368","SMC01726",33.8635246,-117.98813,"Orange"
"1369","SMC01748",34.2875933,-118.82832,"Ventura"
"1370","SMC01772",34.1101391,-118.12296,"Los Angeles"
"1371","SMC01808",34.3094037,-118.07316,"Los Angeles"
"1372","SMC01814",33.0229871,-117.22543,"San Diego"
"1373","SMC01824",34.0912769,-117.75598,"Los Angeles"
"1374","SMC01881",33.23547964,-117.3416689,"San Diego"
"1375","SMC01902",34.0103479,-117.85606,"Los Angeles"
"1376","SMC01909",33.3112067,-117.13878,"San Diego"
"1377","SMC01912",34.2342728,-118.60292,"Los Angeles"
"1378","SMC01923",33.6722164,-117.78872,"Orange"
"1379","SMC01934",33.4902157,-117.66594,"Orange"
"1380","SMC01960",34.2655455,-118.75916,"Ventura"
"1381","SMC01962",32.660647,-117.03925,"San Diego"
"1382","SMC01972",34.2402289,-118.49563,"Los Angeles"
"1383","SMC01979",34.452055,-119.13625,"Ventura"
"1384","SMC01987",33.5901892,-117.71183,"Orange"
"1385","SMC01990",32.7957746,-117.11338,"San Diego"
"1386","SMC02006",32.8311536,-116.9851,"San Diego"
"1387","SMC02028",34.1286798,-118.16554,"Los Angeles"
"1388","SMC02059",34.0619306,-117.30704,"San Bernardino"
"1389","SMC02075",34.6718919,-119.03759,"Ventura"
"1390","SMC02088",34.3022609,-118.2596,"Los Angeles"
"1391","SMC02092",34.2794817,-118.20685,"Los Angeles"
"1392","SMC02127",34.4227975,-119.26449,"Ventura"
"1393","SMC02139",34.6716022,-119.0172,"Ventura"
"1394","SMC02145",33.2693444,-117.03147,"San Diego"
"1395","SMC02167",34.1045001,-117.15946,"San Bernardino"
"1396","SMC02206",33.8709893,-117.85003,"Orange"
"1397","SMC02208",34.12693386,-117.7745917,"Los Angeles"
"1398","SMC02228",34.0689012,-118.22422,"Los Angeles"
"1399","SMC02232",34.23225105,-118.551065,"Los Angeles"
"1400","SMC02270",33.7957032,-117.77237,"Orange"
"1401","SMC02302",33.81526128,-118.0412627,"Orange"
"1402","SMC02366",33.84684,-118.14043,"Los Angeles"
"1403","SMC02417",33.1338537,-117.06236,"San Diego"
"1404","SMC02436",34.261878,-118.97228,"Ventura"
"1405","SMC02452",34.2733012,-118.89985,"Ventura"
"1406","SMC02457",33.2557748,-117.25005,"San Diego"
"1407","SMC02484",34.1451,-118.36764,"Los Angeles"
"1408","SMC02494",33.9132,-117.97397,"Orange"
"1409","SMC02536",34.2686145,-118.6736,"Ventura"
"1410","SMC02563",33.6819351,-117.67299,"Orange"
"1411","SMC02568",34.2786712,-118.22029,"Los Angeles"
"1412","SMC02573",34.0134459,-117.17764,"San Bernardino"
"1413","SMC02591",34.5178405,-119.37847,"Ventura"
"1414","SMC02622",33.8972134,-118.18619,"Los Angeles"
"1415","SMC02644",34.1815757,-118.88652,"Ventura"
"1416","SMC02656",34.0747152,-117.87267,"Los Angeles"
"1417","SMC02680",34.1953164,-118.59146,"Los Angeles"
"1418","SMC02712",34.3617882,-118.30349,"Los Angeles"
"1419","SMC02718",33.88936,-117.88771,"Orange"
"1420","SMC02804",34.1453408,-118.40866,"Los Angeles"
"1421","SMC02884",34.217656,-118.98516,"Ventura"
"1422","SMC02902",32.9490746,-117.06443,"San Diego"
"1423","SMC02905",33.2409019,-117.3287074,"San Diego"
"1424","SMC02933",33.3195689,-117.16562,"San Diego"
"1425","SMC02936",34.18656639,-118.640822,"Los Angeles"
"1426","SMC02972",34.2495807,-118.0755,"Los Angeles"
"1427","SMC02976",34.2578936,-117.75662,"Los Angeles"
"1428","SMC02984",34.2652841,-118.75052,"Ventura"
"1429","SMC02988",34.16076712,-117.9889704,"Los Angeles"
"1430","SMC02996",34.22105711,-118.4229118,"Los Angeles"
"1431","SMC03011",33.61449445,-117.6954876,"Orange"
"1432","SMC03110",32.8110566,-117.07336,"San Diego"
"1433","SMC03133",34.0016699,-117.5996,"San Bernardino"
"1434","SMC03216",34.2809211,-117.84094,"Los Angeles"
"1435","SMC03222",33.0221034,-117.06726,"San Diego"
"1436","SMC03268",34.1610653,-119.0654,"Ventura"
"1437","SMC03280",34.2568564,-117.85653,"Los Angeles"
"1438","SMC03304",34.288298,-118.72312,"Ventura"
"1439","SMC03401",33.45042413,-117.3116849,"San Diego"
"1440","SMC03438",33.9370556,-117.79254,"Orange"
"1441","SMC03452",34.3035424,-117.83231,"Los Angeles"
"1442","SMC03510",32.5636372,-116.78734,"San Diego"
"1443","SMC03523",33.58472708,-117.6642715,"Orange"
"1444","SMC03687",34.0829581,-117.58255,"San Bernardino"
"1445","SMC03737",33.1196879,-117.0926,"San Diego"
"1446","SMC03929",33.1787043,-117.30481,"San Diego"
"1447","SMC03984",34.24613,-117.90187,"Los Angeles"
"1448","SMC03988",34.2132269,-118.89766,"Ventura"
"1449","SMC04000",34.2328252,-117.74778,"Los Angeles"
"1450","SMC04008",34.2834758,-118.80806,"Ventura"
"1451","SMC04047",34.4577525,-119.29185,"Ventura"
"1452","SMC04054",32.8369445,-117.01854,"San Diego"
"1453","SMC04121",33.1846546,-117.19835,"San Diego"
"1454","SMC04132",34.2147317,-118.8842,"Ventura"
"1455","SMC04134",32.828743,-117.05243,"San Diego"
"1456","SMC04175",34.4081619,-119.27685,"Ventura"
"1457","SMC04204",34.203604,-118.01854,"Los Angeles"
"1458","SMC04239",34.3607261,-119.31117,"Ventura"
"1459","SMC04294",32.93776564,-117.1417065,"San Diego"
"1460","SMC04308",34.1938427,-118.90776,"Ventura"
"1461","SMC04383",34.5022107,-119.35587,"Ventura"
"1462","SMC04399",34.3073017,-119.30126,"Ventura"
"1463","SMC04426",33.0069669,-116.66995,"San Diego"
"1464","SMC04524",34.24762604,-118.0335586,"Los Angeles"
"1465","SMC04532",34.1559541,-118.28772,"Los Angeles"
"1466","SMC04600",34.3972362,-118.71045,"Ventura"
"1467","SMC04661",33.4060694,-117.225,"San Diego"
"1468","SMC04682",32.9711528,-116.64815,"San Diego"
"1469","SMC04749",33.8575368,-117.21321,"Riverside"
"1470","SMC04756",34.2709208,-118.92691,"Ventura"
"1471","SMC04795",34.479889,-119.17068,"Ventura"
"1472","SMC04806",32.89033124,-117.1935657,"San Diego"
"1473","SMC04880",34.3088434,-118.09828,"Los Angeles"
"1474","SMC04932",34.2013757,-119.00115,"Ventura"
"1475","SMC04934",33.03306902,-117.1625869,"San Diego"
"1476","SMC04972",34.24042879,-117.9346293,"Los Angeles"
"1477","SMC05017",33.11264881,-117.107745,"San Diego"
"1478","SMC05020",34.2349708,-118.17772,"Los Angeles"
"1479","SMC05109",33.4744657,-117.1391,"Riverside"
"1480","SMC05146",32.8452739,-116.61347,"San Diego"
"1481","SMC05165",33.5818344,-117.25572,"Riverside"
"1482","SMC05199",34.4041244,-119.28071,"Ventura"
"1483","SMC05230",33.8730987,-117.75076,"Orange"
"1484","SMC05243",34.5924824,-119.25123,"Ventura"
"1485","SMC05296",34.5548103,-118.77543,"Ventura"
"1486","SMC05332",34.186847,-118.90743,"Ventura"
"1487","SMC05379",33.7277949,-117.77911,"Orange"
"1488","SMC05402",32.8046848,-116.57311,"San Diego"
"1489","SMC05407",34.5012511,-119.35044,"Ventura"
"1490","SMC05423",34.2864603,-119.30791,"Ventura"
"1491","SMC05524",34.2703268,-118.91724,"Ventura"
"1492","SMC05567",34.32042598,-119.089273,"Ventura"
"1493","SMC05640",34.2786712,-118.22029,"Los Angeles"
"1494","SMC05694",33.8617481,-118.19751,"Los Angeles"
"1495","SMC05702",32.8320149,-117.22946,"San Diego"
"1496","SMC05759",34.3523389,-119.03461,"Ventura"
"1497","SMC05764",34.2311986,-119.11095,"Ventura"
"1498","SMC05848",34.31804348,-118.3196642,"Los Angeles"
"1499","SMC05956",34.2289976,-118.97103,"Ventura"
"1500","SMC05968",34.23484409,-117.8055227,"Los Angeles"
"1501","SMC06019",33.6826123,-117.81233,"Orange"
"1502","SMC06036",34.2309189,-118.93493,"Ventura"
"1503","SMC06044",34.22210116,-118.1777087,"Los Angeles"
"1504","SMC06079",34.4110452,-119.0820596,"Ventura"
"1505","SMC06188",34.28189342,-118.198017,"Los Angeles"
"1506","SMC06216",34.2737902,-118.31563,"Los Angeles"
"1507","SMC06252",34.19336624,-118.017228,"Los Angeles"
"1508","SMC06288",34.26670658,-117.8444777,"Los Angeles"
"1509","SMC06298",32.9119894,-116.57136,"San Diego"
"1510","SMC06302",33.867005,-117.85366,"Orange"
"1511","SMC06356",34.20146377,-118.911647,"Ventura"
"1512","SMC06458",32.6690158,-117.01724,"San Diego"
"1513","SMC06467",33.7911793,-117.71768,"Orange"
"1514","SMC06496",34.1696784,-117.88903,"Los Angeles"
"1515","SMC06612",34.28615853,-118.8546428,"Ventura"
"1516","SMC06653",33.9637117,-117.46268,"Riverside"
"1517","SMC06714",32.6758,-117.00603,"San Diego"
"1518","SMC06740",34.1807329,-118.8744298,"Ventura"
"1519","SMC06794",32.8302964,-116.64672,"San Diego"
"1520","SMC06863",34.4941698,-119.30535,"Ventura"
"1521","SMC06904",34.419678,-118.78762,"Ventura"
"1522","SMC07085",33.8838196,-117.51706,"Riverside"
"1523","SMC07126",32.8434597,-117.03499,"San Diego"
"1524","SMC07128",34.34480875,-118.3619765,"Los Angeles"
"1525","SMC07828",34.27567808,-118.8944784,"Ventura"
"1526","SMC08068",34.18020769,-119.1037067,"Ventura"
"1527","SMC08094",33.8195224,-117.85355,"Orange"
"1528","SMC08150",32.8373223,-117.01979,"San Diego"
"1529","SMC08157",33.5391339,-117.26484,"Riverside"
"1530","SMC08335",34.3458855,-119.29951,"Ventura"
"1531","SMC08414",33.796306,-117.81994,"Orange"
"1532","SMC08426",32.65071,-117.05483,"San Diego"
"1533","SMC08655",34.5082206,-119.28404,"Ventura"
"1534","SMC08660",34.28495383,-118.8693831,"Ventura"
"1535","SMC08845",33.8735355,-117.21443,"Riverside"
"1536","SMC09091",33.7133968,-117.7958319,"Orange"
"1537","SMC09118",33.80878056,-117.8626159,"Orange"
"1538","SMC09162",32.8408791,-116.70988,"San Diego"
"1539","SMC09174",32.8396738,-117.00183,"San Diego"
"1540","SMC09286",32.7818797,-117.11418,"San Diego"
"1541","SMC09325",33.5625284,-117.12886,"Riverside"
"1542","SMC09503",34.4975675,-119.33913,"Ventura"
"1543","SMC09591",34.1039648,-117.16672,"San Bernardino"
"1544","SMC09698",33.7459227,-116.70738,"Riverside"
"1545","SMC10198",32.821824,-116.97619,"San Diego"
"1546","SMC10685",34.0188203,-117.36879,"Riverside"
"1547","SMC10756",34.42352216,-118.9288084,"Ventura"
"1548","SMC11181",33.8888266,-117.50297,"Riverside"
"1549","SMC11343",34.3728727,-119.30855,"Ventura"
"1550","SMC11430",32.848352,-116.86012,"San Diego"
"1551","SMC11581",33.9520362,-117.6066,"Riverside"
"1552","SMC11593",33.4646179,-117.27792,"Riverside"
"1553","SMC11727",34.4784671,-119.29335,"Ventura"
"1554","SMC12246",32.83988796,-117.0428545,"San Diego"
"1555","SMC12862",33.921483,-118.11149,"Los Angeles"
"1556","SMC13062",32.77548502,-117.1955706,"San Diego"
"1557","SMC13187",33.67807404,-117.8024507,"Orange"
"1558","SMC13214",33.80453149,-117.8724084,"Orange"
"1559","SMC13391",34.4179083,-119.26999,"Ventura"
"1560","SMC13402",32.81507335,-116.5654208,"San Diego"
"1561","SMC13599",34.4989794,-119.34187,"Ventura"
"1562","SMC13630",33.8608337,-118.10342,"Los Angeles"
"1563","SMC14099",33.62772224,-117.7355714,"Orange"
"1564","SMC14211",33.68948519,-117.8230866,"Orange"
"1565","SMC14218",32.8299851,-116.73604,"San Diego"
"1566","SMC15677",33.9540988,-117.60468,"Riverside"
"1567","SMC16045",33.8819353,-117.52241,"Riverside"
"1568","SMC16169",33.74654851,-117.5935285,"Orange"
"1569","SMC16266",32.8185584,-116.75313,"San Diego"
"1570","SMC16446",34.4129833,-119.27294,"Ventura"
"1571","SMC16832",33.8844398,-118.10855,"Los Angeles"
"1572","SMC16980",34.4326882,-119.24975,"Ventura"
"1573","SMC17432",33.84435,-118.09802,"Los Angeles"
"1574","SMC17918",32.66308691,-117.031729,"San Diego"
"1575","SMC18046",34.42233403,-119.2645502,"Ventura"
"1576","SMC18169",33.8917519,-117.57191,"Riverside"
"1577","SMC18545",34.4843681,-119.3084428,"Ventura"
"1578","SMC19228",32.6640469,-116.98508,"San Diego"
"1579","SMC19552",32.83946175,-117.0238016,"San Diego"
"1580","SMC19669",33.57150358,-117.1610317,"Riverside"
"1581","SMC19697",34.34808172,-119.3008795,"Ventura"
"1582","SMC19809",34.5013483,-119.3529618,"Ventura"
"1583","SMC19945",34.50495923,-119.2817754,"Ventura"
"1584","SMC20032",33.8766423,-118.10775,"Los Angeles"
"1585","SMC20497",34.31230232,-119.2983849,"Ventura"
"1586","SMC21069",33.59691984,-117.1241435,"Riverside"
"1587","SMC21371",33.894502,-117.57861,"Riverside"
"1588","SMC21822",33.8723705,-117.70893,"Orange"
"1589","SMC21921",33.88788907,-117.5057604,"Riverside"
"1590","SMC22521",33.87800368,-117.5405022,"Riverside"
"1591","SMC23495",32.83389787,-116.7230298,"San Diego"
"1592","SMC24222",33.8714981,-117.71733,"Orange"
"1593","SMC24921",33.878246,-117.55355,"Riverside"
"1594","SMC26288",33.7755508,-117.69538,"Orange"
"1595","SMC26909",33.6663642,-117.27519,"Riverside"
"1596","SMC27709",33.6626982,-117.28999,"Riverside"
"1597","SMC29064",33.7956097,-116.74266,"Riverside"
"1598","SMC32718",32.8845526,-116.82225,"San Diego"
"1599","SMC32897",33.8689631,-117.21319,"Riverside"
"1600","SMC33179",33.47315683,-117.1435069,"Riverside"
"1601","SMC34888",33.7738814,-117.68434,"Orange"
"1602","SMC35697",34.353928,-119.30973,"Ventura"
"1603","SMC35837",33.7364053,-116.82611,"Riverside"
"1604","SMC37632",32.67204914,-116.9990446,"San Diego"
"1605","SMC40887",33.76274758,-117.4638484,"Riverside"
"1606","SMCR8_218",33.8086603,-116.74191,"Riverside"
"1607","SMCR8_474",34.2476693,-117.62449,"San Bernardino"
"1608","SMCR8_513",33.719636,-116.7621,"Riverside"
"1609","SMCR8_572",34.0679585,-117.29326,"San Bernardino"
"1610","SMCR8_601",34.0265599,-117.58724,"San Bernardino"
"1611","SMCR8_605",33.7389633,-116.72555,"Riverside"
"1612","SMCR8_613",33.9846311,-117.12823,"Riverside"
"1613","SMCR8_688",33.7517427,-116.70593,"Riverside"
